Bid No,Bid Type,Title,Description,Agency,County,Bid Start Date,Bid End Date,Bid Open Date,Status,Buyer Name,Updated Date
"COSTARS 39","RFI","Voting Systems","The Department of General Services (DGS) COSTARS invites interested suppliers to participate in an open forum discussion relative to COSTARS Voting Systems   Topics for discussion will include, but not be limited to, the attached questions.   The event will be held at the Department of General Services, 555 Walnut Street, Forum Place, 6th Floor, Harrisburg, PA  17101 on December 20, 2017 and 1:00 pm - 3:30 pm  The supplier forum is reserved for Bidders interested in becoming potential prime contractors for the COSTARS Voting Systems  Please contact Emanuel L Williams at 717-703-2946 or at emwilliams@pa.gov with any question you may have.  A courtesy RSVP is requested by Noon on December 15, 2017   **NOTE** Public parking in the Forum Place Parking Garage is no longer available.  We apologize for any inconvenience this may cause.  There is public parking in the Fifth Street Parking Garage which is located across the street from the Forum Place or on the street at the meters.","Department of General Services","Multiple",12/31/9999,12/31/9999 12:00:00 PM,12/31/9999 12:00:00 PM,"Extended","Priscila Bills",3/4/2025 3:27:59 PM
"4400018825-A","ITQ","Integrated Pest Management ITQ","The Department of General Services (DGS) is soliciting Contractors to submit qualifications for the statewide Integrated Pest Management Invitation to Qualify (ITQ).  Those Contractors that meet the qualifications will be awarded a contract and will be eligible to respond to Request for Quotes (RFQ) for Integrated Pest Management services to Commonwealth agencies and Local Public Procurement Units. In addition, Local Public Procurement Units, as defined by the Commonwealth Procurement Code, may use this contract in accordance with the COSTARS Provision contained in this document.  Please <a href=” https://www.dgs.pa.gov/Materials-Services-Procurement/Procurement-Resources/Pages/ITQ-Documents.aspx”target=”_new”>click here</a> to view a list of ITQ Contracts and related documents.  First, suppliers must register as a PA Supplier and receive a vendor number. Suppliers will register in the PA Supplier Portal at <a href=https://pasupplierportal.state.pa.us/irj/portal/anonymous>click here</a>  Lastly, suppliers are required to create a user profile within our JAGGAER portal to complete qualification requirements.  Please <a href=https://solutions.sciquest.com/apps/Router/SupplierLogin?CustOrg=CommonwealthPA%22%20target=%22_new%22>click here</a> to go to the portal.  QUALIFICATIONS WILL ONLY BE ACCEPTED ELECTRONICALLY THROUGH JAGGAER.  Technical support is available via Jaggaer at <a href=https://www.jaggaer.com/service-support/supplier-support/ target=_new >JAGGAER Support</a> JAGGAER Support or (800) 233-1121  ","All Using Agencies","Statewide",3/30/2028,4/30/2028 5:00:00 PM,4/30/2028 5:01:00 PM,"Created","Jason Collett",7/27/2023 2:05:48 PM
"1104-81 EC","IFB","Burk Mansion Renovations - EC","Temple University (“Temple”) is seeking qualified contractors to bid on work for the Electrical Construction Package for Temple’s 1500 North Broad Street Development Project (Burk Mansion), Project No. DGS 1104-81 Phase 1 (the “Project”), located at 1500 North Broad Street, Philadelphia, PA 19121.  The proposed renovations will be at 1500 North Broad Street located on Temple’s Main Campus at Burk Mansion. The Project involves the renovations and improvements to both Burk Mansion, the detached Conservatory building and the property surrounding both buildings including the structural improvements of both buildings, with the related mechanical, electrical, plumbing and fire protection, as well as exterior improvements, civil, and site work at the property.  This Project is subject to a Delegation Agreement between Temple, the Pennsylvania Department of General Services and the Governor’s Office of the Budget. This Project will be a multi-prime project delivered pursuant to a multi-prime contract delivery structure. The Prime Contractors will include General Construction, Mechanical-HVAC, Electrical, and Plumbing and Fire Protection, and each other contractor identified by Temple as being a Prime Contractor for the Project and which has been engaged directly by Temple to perform construction or supply machinery, materials, equipment or labor for construction of the Project. Electrical Construction  The Scope of Work for the Electrical Construction Package shall include all necessary services, Work, labor, materials, supervision, tools, supplies, equipment, insurance, and applicable taxes necessary to complete Electrical Construction Package as shown in the Contract Documents for the Project. The Scope of Work for the Electrical Construction Package is further specified in the Agreement, the Scope of Work, the Plans and Specifications, and other documents that will be uploaded to TUebid as part of the solicitation. Release of Electrical Construction Package  The Electrical Construction Package is tentatively scheduled to be released for bid on October 7, 2026, with bids to be due on November 18, 2026. All bidding information is released and processed through TUebid, Temple’s on-line solicitation management system.  To be invited to participate in the bidding process through TUebid, interested parties must contact Naomi Greenberg via e-mail at projects@temple.edu for written instructions. Insert the wording “Electrical Construction Package - Vendor Registration” in the subject line.  If you are already registered as a Temple vendor and in the TUebid system, you must indicate your interest in this Project by contacting Naomi Greenberg via e-mail at projects@temple.edu. Insert the wording “Electrical Construction Package - Pre-Registered Vendor” in the subject line.   Registration in TUebid System; Legal Existence of Bidder. No bid will be accepted from a bidder that is not registered in the TUebid system. Under no circumstances will a bid be accepted from or on behalf of an entity, such as a partnership or joint venture, that is not in existence on the date the bid is submitted, or the existence of which is contingent on a future event, such as the award of a contract pursuant to this solicitation.","Department of General Services","Philadelphia",10/7/2026,10/7/2026 2:00:00 PM,11/18/2026 2:00:00 PM,"Created","Naomi Greenberg",9/2/2026 11:14:40 AM
"1104-81 GC","IFB","Burk Mansion Renovations - GC","Temple University (“Temple”) is seeking qualified contractors to bid on work for the General Construction Package for Temple’s 1500 North Broad Street Development Project (Burk Mansion), Project No. DGS 1104-81 Phase 1 (the “Project”), located at 1500 North Broad Street, Philadelphia, PA 19121.  The proposed renovations will be at 1500 North Broad Street located on Temple’s Main Campus at Burk Mansion. The Project involves the renovations and improvements to both Burk Mansion, the detached Conservatory building and the property surrounding both buildings including the structural improvements of both buildings, with the related mechanical, electrical, plumbing and fire protection, as well as exterior improvements, civil, and site work at the property.  This Project is subject to a Delegation Agreement between Temple, the Pennsylvania Department of General Services and the Governor’s Office of the Budget. This Project will be a multi-prime project delivered pursuant to a multi-prime contract delivery structure. The Prime Contractors will include General Construction, Mechanical-HVAC, Electrical, and Plumbing and Fire Protection, and each other contractor identified by Temple as being a Prime Contractor for the Project and which has been engaged directly by Temple to perform construction or supply machinery, materials, equipment or labor for construction of the Project. General Construction  The Scope of Work for the General Construction Package shall include all necessary services, Work, labor, materials, supervision, tools, supplies, equipment, insurance, and applicable taxes necessary to complete General Construction Package as shown in the Contract Documents for the Project. The Scope of Work for the General Construction Package is further specified in the Agreement, the Scope of Work, the Plans and Specifications, and other documents that will be uploaded to TUebid as part of the solicitation. Release of General Construction Package  The General Construction Package is tentatively scheduled to be released for bid on October 7, 2026, with bids to be due on November 18, 2026. All bidding information is released and processed through TUebid, Temple’s on-line solicitation management system.  To be invited to participate in the bidding process through TUebid, interested parties must contact Naomi Greenberg via e-mail at projects@temple.edu for written instructions. Insert the wording “General Construction Package - Vendor Registration” in the subject line.  If you are already registered as a Temple vendor and in the TUebid system, you must indicate your interest in this Project by contacting Naomi Greenberg via e-mail at projects@temple.edu. Insert the wording “General Construction Package - Pre-Registered Vendor” in the subject line.   Registration in TUebid System; Legal Existence of Bidder. No bid will be accepted from a bidder that is not registered in the TUebid system. Under no circumstances will a bid be accepted from or on behalf of an entity, such as a partnership or joint venture, that is not in existence on the date the bid is submitted, or the existence of which is contingent on a future event, such as the award of a contract pursuant to this solicitation.","Department of General Services","Philadelphia",10/7/2026,11/18/2026 2:00:00 PM,11/18/2026 2:00:00 PM,"Created","Naomi Greenberg",9/2/2026 10:52:58 AM
"1104-81 MC","IFB","Burk Mansion Renovations - MC","Temple University (“Temple”) is seeking qualified contractors to bid on work for the Mechanical-HVAC Construction Package for Temple’s 1500 North Broad Street Development Project (Burk Mansion), Project No. DGS 1104-81 Phase 1 (the “Project”), located at 1500 North Broad Street, Philadelphia, PA 19121.  The proposed renovations will be at 1500 North Broad Street located on Temple’s Main Campus at Burk Mansion. The Project involves the renovations and improvements to both Burk Mansion, the detached Conservatory building and the property surrounding both buildings including the structural improvements of both buildings, with the related mechanical, electrical, plumbing and fire protection, as well as exterior improvements, civil, and site work at the property.  This Project is subject to a Delegation Agreement between Temple, the Pennsylvania Department of General Services and the Governor’s Office of the Budget. This Project will be a multi-prime project delivered pursuant to a multi-prime contract delivery structure. The Prime Contractors will include General Construction, Mechanical-HVAC, Electrical, and Plumbing and Fire Protection, and each other contractor identified by Temple as being a Prime Contractor for the Project and which has been engaged directly by Temple to perform construction or supply machinery, materials, equipment or labor for construction of the Project. Mechanical-HVAC Construction  The Scope of Work for the Mechanical-HVAC Construction Package shall include all necessary services, Work, labor, materials, supervision, tools, supplies, equipment, insurance, and applicable taxes necessary to complete Mechanical-HVAC Construction Package as shown in the Contract Documents for the Project. The Scope of Work for the Mechanical-HVAC Construction Package is further specified in the Agreement, the Scope of Work, the Plans and Specifications, and other documents that will be uploaded to TUebid as part of the solicitation. Release of Mechanical-HVAC Construction Package  The Mechanical-HVAC Construction Package is tentatively scheduled to be released for bid on October 7, 2026, with bids to be due on November 19, 2026. All bidding information is released and processed through TUebid, Temple’s on-line solicitation management system.  To be invited to participate in the bidding process through TUebid, interested parties must contact Naomi Greenberg via e-mail at projects@temple.edu for written instructions. Insert the wording “Mechanical-HVAC Construction Package - Vendor Registration” in the subject line.  If you are already registered as a Temple vendor and in the TUebid system, you must indicate your interest in this Project by contacting Naomi Greenberg via e-mail at projects@temple.edu. Insert the wording “Mechanical-HVAC Construction Package - Pre-Registered Vendor” in the subject line.   Registration in TUebid System; Legal Existence of Bidder. No bid will be accepted from a bidder that is not registered in the TUebid system. Under no circumstances will a bid be accepted from or on behalf of an entity, such as a partnership or joint venture, that is not in existence on the date the bid is submitted, or the existence of which is contingent on a future event, such as the award of a contract pursuant to this solicitation.","Department of General Services","Philadelphia",10/7/2026,11/19/2026 2:00:00 PM,11/19/2026 2:00:00 PM,"Created","Naomi Greenberg",9/2/2026 11:35:24 AM
"1104-81 PC","IFB","Burk Mansion Renovations - PC","Temple University (“Temple”) is seeking qualified contractors to bid on work for the Plumbing and Fire Protection Construction Package for Temple’s 1500 North Broad Street Development Project (Burk Mansion), Project No. DGS 1104-81 Phase 1 (the “Project”), located at 1500 North Broad Street, Philadelphia, PA 19121.  The proposed renovations will be at 1500 North Broad Street located on Temple’s Main Campus at Burk Mansion. The Project involves the renovations and improvements to both Burk Mansion, the detached Conservatory building and the property surrounding both buildings including the structural improvements of both buildings, with the related mechanical, electrical, plumbing and fire protection, as well as exterior improvements, civil, and site work at the property.  This Project is subject to a Delegation Agreement between Temple, the Pennsylvania Department of General Services and the Governor’s Office of the Budget. This Project will be a multi-prime project delivered pursuant to a multi-prime contract delivery structure. The Prime Contractors will include General Construction, Mechanical-HVAC, Electrical, and Plumbing and Fire Protection, and each other contractor identified by Temple as being a Prime Contractor for the Project and which has been engaged directly by Temple to perform construction or supply machinery, materials, equipment or labor for construction of the Project. Plumbing and Fire Protection Construction  The Scope of Work for the Plumbing and Fire Protection Construction Package shall include all necessary services, Work, labor, materials, supervision, tools, supplies, equipment, insurance, and applicable taxes necessary to complete Plumbing and Fire Protection Construction Package as shown in the Contract Documents for the Project. The Scope of Work for the Plumbing and Fire Protection Construction Package is further specified in the Agreement, the Scope of Work, the Plans and Specifications, and other documents that will be uploaded to TUebid as part of the solicitation. Release of Plumbing and Fire Protection Construction Package  The Plumbing and Fire Protection Construction Package is tentatively scheduled to be released for bid on October 7, 2026, with bids to be due on November 19, 2026. All bidding information is released and processed through TUebid, Temple’s on-line solicitation management system.  To be invited to participate in the bidding process through TUebid, interested parties must contact Naomi Greenberg via e-mail at projects@temple.edu for written instructions. Insert the wording “Plumbing and Fire Protection Construction Package - Vendor Registration” in the subject line.  If you are already registered as a Temple vendor and in the TUebid system, you must indicate your interest in this Project by contacting Naomi Greenberg via e-mail at projects@temple.edu. Insert the wording “Plumbing and Fire Protection Construction Package - Pre-Registered Vendor” in the subject line.   Registration in TUebid System; Legal Existence of Bidder. No bid will be accepted from a bidder that is not registered in the TUebid system. Under no circumstances will a bid be accepted from or on behalf of an entity, such as a partnership or joint venture, that is not in existence on the date the bid is submitted, or the existence of which is contingent on a future event, such as the award of a contract pursuant to this solicitation.","Department of General Services","Philadelphia",10/7/2026,10/7/2026 2:00:00 PM,11/19/2026 2:00:00 PM,"Created","Naomi Greenberg",9/2/2026 11:41:21 AM
"OOGM FS26-6","R3-RFQ","C&P 23 OG Wells, Multi Twps., Armstrong & Clarion ","The principal items of work and approximate quantities are:  Clean out and plug twenty-three (23) orphan gas wells, estimated to be 1,000-3,600 feet in depth, to Department specifications. Prepare and restore well sites/site. Mobilize and demobilize plugging equipment.  Beginning on the Issue Date, free copies of bid documents can be obtained by going to www.BidExpress.com, PA Department of Environmental Protection.  MANDATORY PRE-BID CONFERENCE is scheduled for October 7, 2026, and October 8, 2026, at 9 a.m.  Representatives from the Department will meet the contractors at Gumtown Memorial Park, 240 Water Street, New Bethlehem, PA 16242.    FAILURE TO ATTEND THE PRE-BID CONFERENCE WILL BE CAUSE FOR REJECTION OF THE BID. ","Department of Environmental Protection","Multiple",10/2/2026,11/12/2026 2:00:00 PM,11/12/2026 2:00:00 PM,"Created","Construction Contracts",9/29/2026 2:37:01 PM
"4400035355","ITQ","Temp Rented Electrical and HVAC Equipment ITQ","The purpose of this Temporary Rented Electrical Equipment and Temporary Rented Temperature Control Equipment ITQ is to qualify responsible and responsive contractors to provide temporary rented electrical equipment and temporary rented temperature control equipment to the Commonwealth of Pennsylvania’s executive agencies. All fuel fired equipment shall meet emissions requirements.  Please click here to view a list of ITQ Contracts and related documents.   First, suppliers must register as a Procurement Vendor with the Commonwealth of Pennsylvania and receive a six-digit vendor number. Suppliers will register in the PA Supplier Portal at click here.   Lastly, suppliers are required to create a user profile within our PA JAGGAER Portal to complete qualification requirements.   Please click here to go to the PA JAGGAER Portal.   QUALIFICATIONS WILL ONLY BE ACCEPTED ELECTRONICALLY THROUGH JAGGAER.   Technical support is available via Jaggaer at JAGGAER Support or (800) 233-1121.","Department of General Services","Statewide",10/1/2026,9/30/2031 8:00:00 AM,9/30/2031 4:00:00 PM,"Created","Alana Green",9/25/2026 3:54:23 PM
"26-118-S","RFP","RFP for Managed Information Technology Services","All information and documents are located in the Bonfire project portal. Visit https://philaport.bonfirehub.com/   Optional Virtual Pre-Bid Meeting:  October 6, 2026, 10:00AM via Microsoft Teams – A link will be provided in the Bonfire Project Portal.  Project Question: Deadline October 13, 2026, 11:00AM  Questions must be sent to procurement@philaport.com and will be answered via Addenda posted in the Project portal.   Bid Due Date: October 28, 2026, 10:00AM -submitted electronically in Bonfire Project Portal.","Philadelphia Regional Port Authority","Statewide",9/29/2026,10/28/2026 10:00:00 AM,10/28/2026 10:00:00 AM,"Open","Kelly Beers",9/29/2026 8:40:50 AM
"6100066670","RFI","Waste Audit Services","The Commonwealth is considering an Invitation to Qualify (ITQ) for companies that can  perform waste minimization and recycling audits at Commonwealth facilities across Pennsylvania. The audits will provide practical technical assistance to agencies, test whether existing recycling practices are working, identify opportunities to reduce or divert waste, and produce consistent information for the Commonwealth Agency Recycling Office (CARO).  This is a request for information (RFI) only. This is not a solicitation.","All Using Agencies","Statewide",9/29/2026,10/13/2026 2:00:00 PM,10/13/2026 2:01:00 PM,"Open","Jess Wisniewski",9/29/2026 8:32:48 AM
"6100066711","IFB","BID MLDRCC Kiosk Frames & Parts","The Department of Conservation and Natural Resources, Bureau of Forestry, Mira Lloyd Dock Resource Conservation Center (MLDRCC) requires a vendor to furnish Kiosk Frames and parts to Mira Lloyd Dock Resource Conservation Center, 137 Penn Nursery Road, Spring Mills, PA 16875, Potter Township, Centre County.","Department of Conservation and Natural Resources","Centre",9/29/2026,10/13/2026 10:00:00 AM,10/13/2026 10:01:00 AM,"Open","Jenna English",9/29/2026 12:59:42 PM
"6100066744","IFB","District 5 I-78 Warning Gates","Bid is for the Repair and Maintenance of D5 I-78 Warning Gates in Berks & Lehigh  See Attachment A for Gate locations and Gate Location blueprint","Department of Transportation","Multiple",9/29/2026,10/29/2026 10:00:00 AM,10/29/2026 11:00:00 AM,"Open","Chris Robacker",9/29/2026 9:28:03 AM
"6100066745","IFB","23SW SGL285 Watts Mill and Cannelton Rd","The Pennsylvania Game Commission (PGC) is soliciting electronic Bids to provide access road maintenance on State Game Lands (SGL) #285 South Beaver Township, Beaver County.   The scope of the project generally includes grubbing, grading, drainage maintenance, road subbase maintenance, road resurfacing and related work on approximately 12,092 linear feet of access roadway. Bids will be publicly opened and read in the Division of Contracts and Procurement, 2001 Elmerton Avenue, Harrisburg, PA 17110-9797, on Tuesday, November 03, 2026 at 2:00 PM.   When bidding, amount Bid should be in dollars and cents-----no fractions of a cent will be accepted.   Questions concerning project specifications and requirements should be directed to the PGC Regional Forester.  Michael DiRinaldo Regional Forester PGC, Southwest Region 4820 Route 711 Bolivar PA 15923 Phone: 814-718-9217 Email mdirinaldo@pa.gov  Any questions concerning completion of the electronic Bid should be directed to the PGC Contracts and procurement Section at 717-787-6594.  All Quantities Estimated","Pennsylvania Game Commission","Beaver",9/29/2026,11/3/2026 2:00:00 PM,11/3/2026,"Open","Eric Maxon",9/29/2026 1:23:50 PM
"6100066485-RFI","RFI","Workers' Compensation Claims Administration","The Commonwealth of Pennsylvania is seeking information from companies that provide Workers' Compensation Administrative Services as Third-Party Administrators (TPAs). We want to learn about the services, technology, and best practices available in today's market to help us plan for future needs.  This Request for Information (RFI) is for information only. It is not a request for proposals, and it does not mean the Commonwealth will issue a future solicitation or award a contract. Companies that are interested are encouraged to review the RFI and submit a response by the deadline listed in the RFI.","Office of Administration (under Governor's Office)","Statewide",9/28/2026,10/13/2026 4:00:00 PM,10/13/2026 4:01:00 PM,"Open","Sonya Schurtz",9/28/2026 11:31:25 AM
"6100066705","IFB","Dental Lab Tech Instructor","The Commonwealth of Pennsylvania, Department of Corrections, requires a full-time dental laboratory technician instructor (“instructor”) for Pennsylvania Correctional Industries at SCI Cambridge Springs (451 Fullerton Ave, Cambridge Springs, PA 16403) per:  Attachment 1 - Statement of Work Attachment 2 - Terms and Conditions Appendix A - Position Description  All bids must be submitted electronically","Department of Corrections","Crawford",9/28/2026,10/29/2026 10:00:00 AM,10/29/2026 10:01:00 AM,"Open","Melissa Cook",9/23/2026 3:59:22 PM
"6100066706","IFB","Monroe County Emulsion Tank Repair","The department is looking to repair a 8000-gallon elevated vertical storage tank located within Monroe County stockpile 01, Stroudsburg, PA.    Qualified contractors must be a DEP-certified ACVL tank handler to conduct or supervise the repair project.  Site Visit: A site visit is required for contractors to qualify as potential bidders. The site visit must take place at some point before the end of the bid.","Department of Transportation","Monroe",9/24/2026,10/8/2026 10:00:00 AM,10/8/2026 11:00:00 AM,"Open","Chris Robacker",9/24/2026 2:34:31 PM
"6100066720","IFB","DOC - Tools & Shadow Tool Box","The Commonwealth of Pennsylvania, Department of Corrections, requires multiple tools and a tool shadow box to meet DOC tool control policy for Correctional Industries (CI) Huntingdon at 1301 Pennsylvania Avenue, Huntingdon, PA 16654.  This is an ELECTRONIC bid only. Registered Vendors may find bid at: https://pasupplierportal.state.pa.us/irj/portal/anonymous.  ONLY ELECTRONIC BID RESPONSES WILL BE ACCEPTED FOR SUBMISSION. All bidders are responsible for monitoring the DGS emarketplace website to view any change notices to this IFB. The change notices shall become incorporated as part of this bid. In order to submit your Bid Response, interested vendors must be registered. To register, obtain a vendor number and to allow for submission of an online bid, please visit www.pasupplierportal.state.pa.us .  You may refer to the SRM Bidding Reference Guide on the Supplier Service Center for bidding instruction or contact the helpdesk at (877) 435-7363, choose option 2.","Department of Corrections","Statewide",9/24/2026,9/30/2026 2:00:00 PM,9/30/2026 2:01:00 PM,"Open","Amie Newman",9/23/2026 4:00:07 PM
"1000037","SFP","DOR Wilkes-Barre Lottery and Audits","leasing office and warehouse space to the Commonwealth of Pennsylvania for use by the Pennsylvania Department of Revenue in Luzerne County.","Department of General Services","Statewide",9/23/2026,11/18/2026 3:00:00 PM,11/19/2026 10:00:00 AM,"Open","Phillip Iacono",9/23/2026 10:46:41 AM
"6100066713","IFB","1110-10908 Roland XG-640 Printer/Cutter","This solicitation is for the procurement of Roland XG-640 Printer/Cutter for Correctional Industries Huntingdon, per the following attachments:   Attachment 01: Statement of Work Attachment 02: Terms and Conditions  Attachment 03: Reciprocal Limitations Act Attachment 04: Worker Protection & Investment Form Attachment 05: Electronic Response Requirement Attachment 06: Addendum 1  Award will be made to lowest responsible bidder based on total bid.   All quantities are estimated; amounts may vary.   Bidder must have the attached Reciprocal Limitations and Workers Protection & Investment Certification form filled out and attached to the bid.   Bidder must attach machine specification with their bid.   This is an ELECTRONIC bid only. Registered Vendors may find bid at: https://pasupplierportal.state.pa.us/irj/portal/anonymous. ONLY ELECTRONIC BID RESPONSES WILL BE ACCEPTED FOR SUBMISSION. All bidders are responsible for monitoring the DGS emarketplace website to view any change notices to this IFB. The change notices shall become incorporated as part of this bid. In order to submit your Bid Response, interested vendors must be registered. To register, obtain a vendor number and to allow for submission of an online bid, please visit www.pasupplierportal.state.pa.us You may refer to the SRM Bidding Reference Guide on the Supplier Service Center for bidding instruction or contact the helpdesk at (877) 435-7363, choose option 2.    All items will be delivered F.O.B Destination. The awarded supplier is responsible for any shipping or delivery costs.  Pursuant to Executive Order 2021-06, Worker Protection and Investment (October 21, 2021), the Commonwealth is responsible for ensuring that every Pennsylvania worker has a safe and healthy work environment, and the protections afforded them through labor laws.  To that end, contractors and grantees of the Commonwealth must certify that they are in compliance with all applicable Pennsylvania state labor and workforce safety laws.  Such certification shall be made through the Worker Protection and Investment Certification Form (BOP-2201) and the completed form must be submitted with the bid, proposal or quote.   BID TABULATIONS: The bid tabulation can be found on DGS’ eMarketplace website (http://www.emarketplace.state.pa.us/) under “Solicitation Tabulations”; you are able to search by description, bid number, date range or agency to view the bid tabulation.","Department of Corrections","Huntingdon",9/23/2026,10/7/2026 3:00:00 PM,10/7/2026 3:01:00 PM,"Open","Christina Zambotti",9/28/2026 2:07:51 PM
"6100066666","IFB","SWVC Podiatry Services","SWVC Podiatry Services","Department of Military and Veterans Affairs","Allegheny",9/22/2026,10/6/2026 10:00:00 AM,10/6/2026 10:00:00 AM,"Open","Kay Marks",9/22/2026 11:00:56 AM
"6100066667","IFB","SWVC Dental Services","SWVC Dental Services","Department of Military and Veterans Affairs","Allegheny",9/22/2026,10/6/2026 10:00:00 AM,10/6/2026 10:00:00 AM,"Open","Kay Marks",9/22/2026 11:06:02 AM
"6100066699","IFB","SCI PHX Water Softener Installation","This solicitation is for installation of two water softeners for the Dept. of Corrections, SCI Phoenix, located at 1200 Mokychic Drive, Collegeville, PA. 19426.  Only Electronic Bid Responses Will Be Accepted.  Registered Vendors may find solicitation on the PA Supplier Portal. All bidders are responsible for monitoring eMarketplace to view any change notices to this IFB. The change notices shall become incorporated as part of this solicitation. Interested vendors must be registered to submit a bid. To register and obtain a vendor number visit the PA Supplier Portal. Information about the registration and bidding process can be found at the Supplier Service Center.","Department of Corrections","Montgomery",9/22/2026,10/6/2026 9:00:00 AM,10/6/2026 10:00:00 AM,"Open","Ron Schlotzhauer",9/21/2026 11:13:00 AM
"6100066721","IFB","2 Air Drum Wheel End Training System","This purpose of these specifications is to describe a HV126-DM Air Drum Wheel End Training System for instructional, Maintenance, and technical training needs.","Department of Transportation","Dauphin",9/22/2026,10/6/2026 11:00:00 AM,10/6/2026 11:01:00 AM,"Open","Jessica Shughart",9/22/2026 7:52:27 AM
"6100065766.","IFB","ORAL SURGERY","Oral Surgery Services for clients not performed at Clark Summit State Hospital.","Department of Human Services "prior DPW"","Lackawanna",9/21/2026,10/5/2026 9:00:00 AM,10/5/2026 9:01:00 AM,"Open","Aaron Pietlukiewicz",9/16/2026 8:59:23 AM
"6100066613","IFB","Window Security Screens Building 12","Selinsgrove Center security window screens for building 12","Department of Human Services "prior DPW"","Snyder",9/21/2026,10/13/2026 1:00:00 PM,10/13/2026 1:00:00 PM,"Open","Amber Madden",9/14/2026 2:33:02 PM
"6100066672","IFB","35X201807 TIOGA COUNTY ELECTRICAL UPGRAD","The Department of Environmental Protection (DEP), Bureau of Air Quality, requires upgrading to the electric service powering a DEP air monitoring station located at:   DEP air monitoring station located at (N 41.645089, W -76.939246) Hurley Rd. Canton Pa. 17724(“station” or “site”). *******  1) Any questions regarding the technical aspects of the Specifications should be directed to Carl Shaver at (717) 439-6981 or via e-mail at cshaver@pa.gov.  2) Bidding procedure questions should be directed to Angel Mercado email angmercado@pa.gov  BID SUBMISSION:  COMPLETE ALL DOCUMENTS OR FORMS ATTACHED.  a. All Bids must be submitted electronically through the Department of General Services’ (DGS) eMarketplace website. The eMarketplace website is located at http://www.emarketplace.state.pa.us. DEP is not responsible for the maintenance of the eMarketplace website.  b. DGS’s Supplier Service Center (https://www.dgs.pa.gov/Materials-Services-Procurement/Supplier-Service-Center/ Pages/default.aspx) is available to assist vendors with registration, bidding, and account management. For questions regarding registration help, send an email to RA-PSC_Supplier_Requests@pa.gov or call (877) 435-7363, choose option 1. For questions regarding bidding help, send an email to srmhelp@pa.gov or call (877) 435-7363, choose option 2.  c. DEP is not responsible for the support or functionality of any Department of General Services website.","Department of Environmental Protection","Tioga",9/21/2026,10/19/2026 5:00:00 PM,10/19/2026 5:01:00 PM,"Open","ANGEL MERCADO",9/21/2026 7:30:28 AM
"6100066674","IFB","PSP 2026 Ford T350 Equipment Upfittings","The Pennsylvania State Police (PSP) requires a vendor to provide and install the equipment listed in the specifications document for four (3) 2026 Ford T350 Transit Vans.  Questions must be submitted in writing to RA-SPPSPBIDS@PA.GOV no later than September 28, 2026 at 11:00 a.m.  All bids must be submitted through the PA supplier portal at www.pasupplierportal.state.pa.us  The Reciprocal Limitations Requirements Act form GSPUR-89 and Worker Protection and Investment Act form BOP-2201 provided must be completed by an authorized vendor representative and uploaded with bid submission.  Current certificate of insurance listing PA State Police as certificate holder and including language as additional insured must be uploaded with bid submission.  ONLY ELECTRONIC BID RESPONSES WILL BE ACCEPTED FOR SUBMISSION.  All bidders are responsible for monitoring the DGS eMarketplace website to view any change notices for this IFB.  The change notices shall become incorporated as part of this bid.  In order to submit a bid response, vendors must be registered.  To register, obtain a vendor number, and to allow for submission of online bid, please visit www.pasupplierportal.state.pa.us","Pennsylvania State Police","Dauphin",9/21/2026,10/5/2026 11:00:00 AM,10/5/2026 11:01:00 AM,"Open","Todd Tippett",9/21/2026 8:53:30 AM
"DEP-RFP006735","RFP","Lead Service Lines Technical Assistance","Please <a href=https://bids.sciquest.com/apps/Router/PublicEvent?CustomerOrg=CommonwealthPA target=_new >click here</a> to view the list of solicitations.     All Offerors are required to create a user profile within our JAGGAER portal.    Please <a href=https://solutions.sciquest.com/apps/Router/SupplierLogin?CustOrg=CommonwealthPA target=_new >click here</a> to go to the portal.  PROPOSALS WILL ONLY BE ACCEPTED ELECTRONICALLY THROUGH JAGGAER.  Technical support is available via Jaggaer at <a href=https://www.jaggaer.com/service-support/supplier-support/ target=_new >JAGGAER Support</a> JAGGAER Support or (800) 233-1121","Department of Environmental Protection","Statewide",9/21/2026,10/21/2026 9:00:00 AM,10/21/2026 9:05:00 AM,"Open","Brady Fries",9/21/2026 3:48:16 PM
"25-RFP-12233","RFP","Learning Management System","The Department is seeking an Offeror to maintain and improve the existing LMS and WordPress Content Management System and rebrand the platform as MyDHS.  Please <a href=https://bids.sciquest.com/apps/Router/PublicEvent?CustomerOrg=CommonwealthPA target=_new >click here</a> to view the list of solicitations. All Offerors are required to create a user profile within our JAGGAER portal. Please <a href=https://solutions.sciquest.com/apps/Router/SupplierLogin?CustOrg=CommonwealthPA target=_new >click here</a> to go to the portal. PROPOSALS WILL ONLY BE ACCEPTED ELECTRONICALLY THROUGH JAGGAER. Technical support is available via Jaggaer at <a href=https://www.jaggaer.com/service-support/supplier-support/ target=_new >JAGGAER Support</a> JAGGAER Support or (800) 233-1121.","Department of Human Services "prior DPW"","Statewide",9/18/2026,11/2/2026 12:00:00 PM,11/2/2026 12:01:00 PM,"Open","Holly Zeiders",9/29/2026 3:02:19 PM
"275878","IFB","PLCB SECURITY GUARD SERVICES","The Pennsylvania Liquor Control Board (PLCB) is seeking up to three qualified Contractors to provide professional, uniformed security guard services at designated Fine Wine & Good Spirits (FW&GS) retail locations throughout three regions of the Commonwealth of Pennsylvania. The selected Contractor(s) shall furnish all personnel, supervision, training, scheduling, and related resources necessary to provide reliable security coverage in accordance with the requirements of the Invitation for Bid (IFB). Services will include maintaining a visible security presence; deterring theft, disorderly conduct, and other unlawful or disruptive activity; supporting the safety and security of customers and PLCB employees; monitoring assigned areas; responding appropriately to security-related incidents; and documenting and reporting significant events as required by the PLCB. Staffing levels, service hours, days of coverage, and assigned locations may vary based on operational and security needs, and the Contractor(s) must maintain sufficient qualified personnel to ensure uninterrupted service, professional conduct, timely response, and compliance with all applicable federal, state, and local laws, regulations, licensing requirements, and PLCB policies and procedures.","Liquor Control Board","Multiple",9/18/2026,10/16/2026 1:00:00 PM,10/19/2026 10:30:00 AM,"Open","NICOLE ALTAVILLA",9/29/2026 12:57:40 PM
"6100066542","IFB","NCTC Laundry Services","The awarded contractor shall provide laundry management, laundry services and laundry pick-up/delivery services for Northeast Counterdrug Training Center (NCTC) on Fort Indiantown Gap Annville, PA.","Department of Military and Veterans Affairs","Lebanon",9/18/2026,10/2/2026 11:00:00 AM,10/2/2026 11:01:00 AM,"Open","Pamela fessler",9/22/2026 8:50:48 AM
"OOGM FS26-7","R3-RFQ","C&P 2 OG Wells, Washington Twp., Greene Cnty.","The principal items of work and approximate quantities are:  Clean out and plug two (2) orphan gas wells, estimated to be 3,000-6,000 feet in depth, to Department specifications. Prepare and restore well sites/site. Mobilize and demobilize plugging equipment.  Beginning on the Issue Date, free copies of bid documents can be obtained by going to www.BidExpress.com, PA Department of Environmental Protection.  MANDATORY PRE-BID CONFERENCE is scheduled for September 23,2026, at 10 a.m. Representatives from the Department will meet the contractors at the entrance of EQT’s Good Well Pad, 39.99039277, -80.1700023, 374 Craynes Run Road, Waynesburg, Pennsylvania 15370.  FAILURE TO ATTEND THE PRE-BID CONFERENCE WILL BE CAUSE FOR REJECTION OF THE BID. ","Department of Environmental Protection","Greene",9/18/2026,10/29/2026 2:00:00 PM,10/29/2026 2:00:00 PM,"Open","Construction Contracts",9/16/2026 4:55:33 PM
"6100066579","RFP","23PGC Auditorium Renovation Consultant","All Offerors are required to create a user profile within the JAGGAER portal.  Access to the portal can be found at: https://solutions.sciquest.com/apps/Router/SupplierLogin?CustOrg=CommonwealthPA  PROPOSALS WILL ONLY BE ACCEPTED ELECTRONICALLY THROUGH JAGGAER.  Technical support is available via Jaggaer at: https://www.jaggaer.com/supplier-support (web) (800) 233-1121 (phone)  Background: The PA Game Commission (PGC) is in the need of updating the existing auditorium into a more functional space, utilizing the newest audio and visual equipment along with updating the interior finishes, furniture and stage to be a more ascetically pleasing space. The current orientation of the stage and presentation does not function well with several types of assemblies held in the facility.  Optional pre-bid meeting OCt 1st  Reason/Need for the Project: The current audio and visual system is overall obsolete creating hardship during livestreaming events. The presentation orientation of the stage is not conducive to the layout of commission meetings which are held on a quarterly basis. The interior furniture and finishes are overall showing wear and age, therefore, updating is necessary.    Goals and Objectives: Provide a design, permits and bid specifications for a cutting edge technology platform for broadcasting live events internally and externally. The design will provide new display platforms (screens/monitors), chases, conduits for controlling features to an adjoining sound booth. New furniture and finishes to align with a more “modern” feel for attendees including but not limited to ADA seating, acoustic treatments, flooring, wall and ceiling finishes will also be included in the design.","Pennsylvania Game Commission","Dauphin",9/16/2026,10/7/2026 2:00:00 PM,10/7/2026 2:00:00 PM,"Open","Derek Deibler",9/25/2026 11:05:49 AM
"6100066692","IFB","23BLE Central Region Vehicle Upfit","Objective:  The Pennsylvania Game Commission (PGC) & The Bureau of Law Enforcement (BLE) is seeking three qualified radio & vehicle maintenance services installer/dealers to provide Law Enforcement vehicle upfits of agency-provided, as well as vendor-procured components and radio equipment for installation and repair services at the bid-awarded supplier’s premises. This is in continuation of the BLE’s continuous initiative to upfit the agency’s existing and in-bound inventories of Law Enforcement patrol and supervisor vehicles, as well as providing maintenance and tear-down services for retired fleet vehicles in preparation for being taken to auction","Pennsylvania Game Commission","Huntingdon",9/16/2026,9/30/2026 2:00:00 PM,9/30/2026 2:00:00 PM,"Open","Chelsea Potteiger",9/16/2026 7:33:27 AM
"6100066693","IFB","23BLE Western Vehicle upfit","The Pennsylvania Game Commission (PGC) & The Bureau of Law Enforcement (BLE) is seeking three qualified radio & vehicle maintenance services installer/dealers to provide Law Enforcement vehicle upfits of agency-provided, as well as vendor-procured components and radio equipment for installation and repair services at the bid-awarded supplier’s premises. This is in continuation of the BLE’s continuous initiative to upfit the agency’s existing and in-bound inventories of Law Enforcement patrol and supervisor vehicles, as well as providing maintenance and tear-down services for retired fleet vehicles in preparation for being taken to auction.","Pennsylvania Game Commission","Westmoreland",9/16/2026,9/30/2026 2:00:00 PM,9/30/2026 2:00:00 PM,"Open","Chelsea Potteiger",9/16/2026 7:53:52 AM
"6100066694","IFB","23BLE East Vehicle Upfit and Removals","The Pennsylvania Game Commission (PGC) & The Bureau of Law Enforcement (BLE) is qualified radio & vehicle maintenance services installer/dealers to provide Law Enforcement vehicle upfits of agency-provided, as well as vendor-procured components and radio equipment for installation and repair services at the bid-awarded supplier’s premises. This is in continuation of the BLE’s continuous initiative to upfit the agency’s existing and in-bound inventories of Law Enforcement patrol and supervisor vehicles, as well as providing maintenance and tear-down services for retired fleet vehicles in preparation for being taken to auction","Pennsylvania Game Commission","Berks",9/16/2026,9/30/2026 2:00:00 PM,9/30/2026 2:00:00 PM,"Open","Chelsea Potteiger",9/16/2026 8:17:25 AM
"6100066384-1","RFP","PSP Promotion Exams - Corporal and Sergeant","The Pennsylvania State Police on behalf of the Commonwealth of Pennsylvania is seeking to obtain a Contractor for the development and administration of promotion examinations to identify the most suitable candidates for promotion to ranks of PSP Corporal and Sergeant.  All Offerors are required to create a user profile within our JAGGAER portal.  Access to the portal can be found at: https://solutions.sciquest.com/apps/Router/SupplierLogin?CustOrg=CommonwealthPA  PROPOSALS WILL ONLY BE ACCEPTED ELECTRONICALLY THROUGH JAGGAER.  Technical support is available via Jaggaer at: https://www.jaggaer.com/supplier-support (web) (800) 233-1121 (phone)","Pennsylvania State Police","Statewide",9/15/2026,9/30/2026 4:00:00 PM,9/30/2026 4:01:00 PM,"Open","Kelley Reese",9/15/2026 1:12:18 PM
"6100066571","IFB","SCI CAM Sewer & Grease Traps","Scope of Work:The Pennsylvania Department of Corrections, State Correctional Institution-Camp Hill(henceforth referred to as “SCI-Camp Hill”) requires the awarded bidder (henceforth referred to as “the Contractor”) to provide up to 110 hours of vac truck services emergency service, 160 hours of jetter/vac truck combination emergency services, bi-weekly scheduled vac and cleaning of R Block lift station along with vac/cleaning of N Block manhole and I Block manhole on an as needed basis (monthly/Bi-monthly), Yearly cleaning/vac behind directional plates at bar screen, along with 40 hours of video recorded camera services per year, one time per year cleaning of a 10 thousand-gallon kitchen grease trap and ash pit outside of the power house.SCI Camp Hill requires contractor provide a 2-hour response time from the time of the phone call. All proper and appropriate equipment needed to provide said jetting, vacing, and camera services. The ability to haul all material for off site disposal in accordance with all state and local ordnances that may apply. Skilled, competent, and professional employees to perform said work/services. Employees being sent to SCI Camp Hill must fill out a centralized clearance form and be able to pass a back-ground check completed by SCI Camp Hill.Mandatory Site Inspection:Mandatory Pre-Bid Site Visit on September 15, 2026 @ 09:00AM contact Anthony Maxwell amaxwelljr@pa.gov or Tim Kirkessner tkirkessne@pa.gov by email no later than September 11, 2026 @ 1:00PM for details, instructions, etc including where to meet them at. Contractor must have at least one approved representative attend this site visit to be able to bid on this project. Questions regarding the technical aspect or contracting procedures of this Statement of Work shall be directed to:Steve Jones, 717-975-5200 jsteven@pa.gov","Department of Corrections","Cumberland",9/15/2026,9/30/2026 10:00:00 AM,9/30/2026 10:01:00 AM,"Open","Steve Jones",9/15/2026 1:24:40 PM
"6100066614","IFB","PennDOT Sign Shop-Sign Stiffeners","This solicitation is for sign stiffeners for the Sign Shop.","Department of Transportation","Dauphin",9/15/2026,10/6/2026 3:00:00 PM,10/6/2026 3:30:00 PM,"Open","Cheryl Bailey",9/15/2026 10:57:32 AM
"6100066616","IFB","PennDOT Sign Shop-Pop Rivets","This solicitation is for pop rivets for the Sign Shop.","Department of Transportation","Dauphin",9/15/2026,10/6/2026 3:00:00 PM,10/6/2026 3:00:00 PM,"Open","Cheryl Bailey",9/15/2026 11:07:00 AM
"6100066617","IFB","PennDOT Sign Shop-Butting Plates","This solicitation is for butting plates, nuts, bolts, and lock washers for the Sign Shop.","Department of Transportation","Dauphin",9/15/2026,10/6/2026 3:00:00 PM,10/6/2026 3:00:00 PM,"Open","Cheryl Bailey",9/15/2026 11:02:23 AM
"6100066662","RFI","Electronic Purchase Solution","The Department of Corrections (DOC) is seeking information regarding commercially available solutions that can securely support the electronic purchase of authorized goods and services by inmates within a correctional environment.  This is a Request for Information (RFI) only. This is not a solicitation.","Department of Corrections","Statewide",9/15/2026,10/6/2026 10:00:00 AM,10/6/2026 10:01:00 AM,"Open","Amanda Wasko",9/15/2026 11:49:50 AM
"6100066671","IFB","Dry Ice Blaster with After Cooler","Department of Transportation Engineering District 5-0 is looking to a create a contract to rent a Dry Ice Blaster machine with After Cooler and specified accessories.   Dry Ice Blaster – Nu Ice Age Commando 55 Dry Ice Blaster including after cooler and dryer unit.","Department of Transportation","Multiple",9/15/2026,10/14/2026 10:00:00 AM,10/14/2026 11:00:00 AM,"Open","Angelika DeFrancesco",9/25/2026 8:19:31 AM
"OGC-2026-23","RFP","USTIF Outside Counsel","The Pennsylvania Insurance Department, Office of Liquidations, Rehabilitations and Special Funds (“OLRSF”) has identified a need for legal services for the Underground Storage Tank Indemnification Fund (“USTIF”) that include: providing coverage opinions, legal support, and representation of the USTIF to defend claims brought directly against the USTIF, the Tank Installers Indemnification Program (“TIIP”), or the USTIF Board, representation of the interests of the USTIF and TIIP in the resolution of claims against these funds, including claims of participants for coverage, claims of third parties for property damage and bodily injury, and subrogation matters.  This engagement may include other general work as designated by the Chief Counsel of the Pennsylvania Insurance Department, the USTIF or the Governor’s Office of General Counsel.  For purposes of this RFP, the Commonwealth will be making a limited multiple award to the highest evaluated Law Firms based upon the criteria set forth in this RFP.","Office of General Counsel","Statewide",9/15/2026,10/9/2026 4:00:00 PM,10/9/2026 4:01:00 PM,"Open","Jordan Kiessling",9/15/2026 11:13:01 AM
"6100066394-1","IFB","Allegheny OVR Enhanced Driving/Anc Svcs","This is a supplement solicitation to Invitation to bid (IFB) 6100061271 Terms and conditions of contracts awarded under IFB 6100061271 apply.  This is a Bid for the OVR Allegheny Enhanced Driving and Ancillary Services. This IFB is strictly for Allegheny County Area only.  Services will be expected to originate from the Pittsburgh BVRS/BBVS OVR District office of the employee to a location for the performance of Commonwealth business.  This procurement is being reserved for DGS Small Businesses.  Bidders must attach their Small Business Certificate to their procurement to be deemed eligible.  Bidders who are interested in participating in this program may find more information about the Small Business Contracting program and how to self-certify at www.dgs.pa.gov/bdisbo.  The Commonwealth of Pennsylvania, Department of Labor and Industry (DLI), on behalf of the Office of Vocational Rehabilitation (OVR), is issuing this Invitation for Bids (IFB) in order to procure Non-Emergency Transport Services.  Services are required, for the purposes of this bid, for Allegheny County ONLY.  Employee(s)/passenger(s) may be blind, visually impaired, or have other disabilities which preclude their ability to drive themselves while traveling on Commonwealth business.  Generally, service will be expected from the assigned headquarters or OVR District office of the employee to a location for the performance of Commonwealth business. Exception would be at the start of work when the OVR employee’s location is closer to the work destination than the home office. Drivers will be asked to drop off the employee at a location and return at the scheduled pick-up time to provide transportation service.  Ambulatory transports would include movement of personnel with disabilities who are medically unable to safely operate a motor vehicle, may have the capacity to walk, and do not require the transport of a wheelchair or a motorized scooter.  Non-Ambulatory transports would include movement of personnel with disabilities who are medically unable to safely operate a motor vehicle and require the assistance of a lift or other mechanical mechanism to ensure safe transport of the person and their wheelchair or motorized scooter.  Transport vehicle(s) must be equipped with a wheelchair ramp and/or lift and tie-downs when requested by the individual.  This IFB is comprised of the following documents, those with an asterisk (*) should be submitted with your bid response along with required documents outlined in the SOW.  1. Enhanced Driving and Ancillary Services Statement of Work (SOW) 2. Terms and Conditions 3. Attachment A - Price Rate Sheet* 4. Attachment B - OVR Contractor Personnel Confidentiality Form - OVR-142* 5. Attachment C - Capitol Police Security Admin Photo Identification and Access Badges 6. Attachment D - Cellular Phone Contact Information* 7. Attachment E - Expense Calculation Log* 8. BOP-1307 Lobbying Certification Form* 9. BOP-2201 2201 EO 2021-06 Worker Protection Form* 10. BOP-1301_Domestic Workforce Utilization Certification_Services* 11. Iran Free Procurement Certification Form* 12. Trade Secret_Confidential Property Info Notice*   *Vehicle Insurance and Liability Insurance *Background Check *3-year driving history *Copy of Roadside Assistance  Any questions in reference to this IFB must be submitted individually and in writing via email by 4pm ET on Wednesday, August 5th, 2026, to the L&I Central Procurement resource account - RA-li-OIT-BAS-Procur@pa.gov, with IFB 6100066394 - Allegheny OVR Enhanced Driving and Ancillary Services in the Subject Line.   All questions and responses are considered an addendum to and part of this IFB. The Issuing Office shall not be bound by any verbal information, nor shall it be bound by any written information that is not either contained within the IFB or formally issued by the Issuing Office.  The Issuing Office does not consider questions to be a protest of the solicitation.","Department of Labor and Industry","Allegheny",9/14/2026,10/5/2026 4:00:00 PM,10/5/2026 4:01:00 PM,"Open","Laura Davila Reyes",9/14/2026 4:08:39 PM
"OGC-2026-22","RFP","Inheritance Tax Counsel","The Department of Revenue (“DOR”) is seeking one or more law firms from throughout the Commonwealth of Pennsylvania to handle various inheritance tax matters at the county level. This may include but would not be limited to: responding to filings and filing them by the appropriate deadline, negotiating settlement agreements with counsel; appearing in court on behalf of the Commonwealth; and litigating matters in court. Examples of issues that may arise include but are not limited to: disputes over valuation of real property; declarations of marriage and/or assertions of common law marriage; failure to file inheritance tax returns; failure to pay inheritance tax due; validity of wills; and distribution of assets and the resulting taxability.","Office of General Counsel","Statewide",9/14/2026,10/7/2026 4:00:00 PM,10/7/2026 4:01:00 PM,"Open","Jordan Kiessling",9/14/2026 11:35:36 AM
"6100066609","IFB","7840501, AIR COMPRESSOR-PAINT TRUCK ","District5-0 is needing to procure as specified within the specifications/SOW a BOSS 250DUS JD4045 T4F Air Compressor.  Compressor must be as exactly stated, as the paint truck line system are configured for this compressor.   IFB Start Date:  9-11-26 at 15:00     End Date:    10-15-26 at 10:00     Open Date:   10-15-26 at 11:00  ELECTRONIC BIDS WILL ONLY BE ACCEPTED (VIA THE PORTAL).","Department of Transportation","Lehigh",9/11/2026,10/15/2026 10:00:00 AM,10/15/2026 11:00:00 AM,"Open","Angelika DeFrancesco",9/25/2026 8:21:25 AM
"6100066135","RFA","Central Repository","The Boards seek a vendor to operate a secure, long-term central repository for student transcripts from Private Licensed Schools and potentially institutions of higher education in Pennsylvania. The vendor must ingest, store, safeguard, and service both historical and current transcripts, including paper and digital records from open and closed schools. The services include establishing upload protocols, providing technical support, managing transcript and verification requests, ensuring secure identity and payment processes, tracking record ingestion for each school, maintaining FERPA-compliant data security, providing regular financial and service reporting, and supporting Department staff access to records. The vendor must also maintain disaster-recovery and transition plans and operate entirely at no cost to the Commonwealth, recovering expenses through fees charged to students, schools, and third parties.","Department of Education","Statewide",9/10/2026,10/12/2026 3:00:00 PM,10/12/2026 3:01:00 PM,"Open","Falina Jumper",9/10/2026 4:17:54 PM
"DGS C-0583-0025 Phase 1","RFA","Ebensburg Center - Water Upgrades Study","PROJECT NUMBER:  DGS C-0583-0025 Phase 1 PROJECT TITLE:  Ebensburg Center – Water Upgrades Study PROJECT LOCATION:  PO Box 600, Admiral Peary Highway, Ebensburg, PA 15931  This Project is advertising for PROFESSIONAL SELECTIONS for design and/or engineering services.   BRIEF DESCRIPTION: The scope of work is intended to address the aging water distribution system that serves the Ebensburg Center campus. The project will begin with a comprehensive investigation and assessment of the existing water distribution system, identifying components for repair or replacement,  including but not limited to an assessment of system’s ability to handle increased water pressure from additional sprinkler systems and the ability of the system to provide service in the event of an outage.  Following the conclusion of the study, the Department may decide to continue directly into the design phase of improvement project(s). The Department may retain the same professional who performed the study. Subsequent improvement project(s) may include Small Diverse Business (SDB) and Veteran Business Enterprise (VBE) participation requirements that will be established by the Department following the study conclusion. The Professional is encouraged to retain SDB/VBE consultants who can continue into the design phase.  ESTIMATED CONSTRUCTION COST: TBD.    <b>APPLICATION DUE DATE WEDNESDAY, OCTOBER 14, 2026, AT 4:30 P.M.<b>    The Department of General Services Capital Programs and the Office of Business Inclusion and Supplier Development identified this procurement as eligible for the setting of Small Diverse Business (SDB) and/or Veteran Business Enterprise (VBE) participation goals. Applicants must agree to meet all SDB and VBE Participation Goals in full or demonstrate that they have made Good Faith Efforts to meet the Goals. Refer to the project Trimble Unity Construct (previously e-Builder) solicitation folder for instructions regarding Small Diverse Business and Veteran Business Enterprise participation. The Goals for SDB participation: 0% The Goals for VBE participation: 0%  PROJECT DOCUMENTS, including the Application and Project Brief (Brief), can be viewed in, and downloaded from the project’s Trimble Unity Construct solicitation file. The Design Professional Selections documents have been revised as of 2026.<b>All Applicants are required to create a user profile within Trimble Unity Construct to view/download Project Documents.</b>   <a href=https://gateway.app.e-builder.net/app/bidders/landing?accountid=336a825c-0e5d-433b-835d-4ddd1682e87e&projectid=c2d02069-9856-4f60-bd05-9ab250cd2141&bidpackageid=ebf6a127-3434-4df2-9fac-9bdb850c81ectarget=_New>Trimble Unity Construct Professional Selections Link</a>    ADDITIONAL REQUIREMENTS OF SHORTLISTED FIRMS: All Additional Requirements of shortlisted firms may vary from project to project and should be reviewed in the project’s Trimble Unity Construct solicitation documents on the “ADDTL REQs of SHORTLIST Firms” document.  APPLICATIONS FOR THIS PROJECT WILL ONLY BE ACCEPTED THROUGH A TRIMBLE UNITY CONSTRUCT (PREVIOUSLY E-BUILDER) BIDDING PORTAL.  A video tutorial is available on the Trimble Unity Construct site for first time users to learn how to navigate the platform.  Technical support is also available via email at support@e-builder.net or by phone at 1-888-288-5717.  <b>Due to technical limitations, Professional Selections projects must be viewed using a Windows PC. At this time, mobile devices are not supported.</b>   <b>All applicants must have a Current, Active Vendor/SAP Number.</b> To register for a Vendor Number, click the following link:   <a href=http://www.pasupplierportal.state.pa.us target=_New>Register</a>    A list of potential planholders, recommended firms and Professional Selections results are available on the DGS Capital Programs Design webpage: <a href=https://www.pa.gov/agencies/dgs/programs-and-services/design-and-construction-info/design.html target=_New>Professional Selections Results</a>  The PROFESSIONAL SELECTIONS MEETING is scheduled for WEDNESDAY, NOVEMBER 18, 2026 AT 10:00 AM.  The Professional Selections Meeting can be joined online at this link: <a href= https://teams.microsoft.com/l/meetup-join/19%3ameeting_MWFhMDQ3OTQtNTY2OC00OGU2LTkwMDMtOTQ4MGEyMWNmZmI4%40thread.v2/0?context=%7b%22Tid%22%3a%22418e2841-0128-4dd5-9b6c-47fc5a9a1bde%22%2c%22Oid%22%3a%22576d9ca1-706c-4830-8219-14e43234bab6%22%7d  target=_New>Professional Selections Web Conference</a> Phone Conference ID: 464 364 517# Toll-free: 1 267-332-8737","Department of Human Services "prior DPW"","Cambria",9/10/2026,10/14/2026 4:30:00 PM,11/18/2026 10:00:00 AM,"Open","Heather Kelley",9/10/2026 10:59:49 AM
"2026-9-1","RFI","Radio Frequency Identification (RFID) Tracking Sol","The Pennsylvania Department of Agriculture (PDA) is requesting information from qualified vendors regarding commercially available Radio Frequency Identification (RFID) technologies capable of supporting the tracking and management of reusable transport crates utilized throughout the live bird market supply chain.","Department of Agriculture ","Statewide",9/9/2026,10/9/2026 2:00:00 PM,10/9/2026 2:15:00 PM,"Open","Sheila Strubhar",9/9/2026 1:31:08 PM
"25-RFA-13800","RFA","Family Support Programs","The Department has been the lead in supporting Evidence Based Home Visiting (EBHV) programs that are designed to improve the overall health of families, increase school readiness and success, improve economic well-being, aid in child abuse and neglect prevention, and promote overall positive parenting. The Department’s Office of Child Development and Early Learning (OCDEL), Bureau of Early Intervention Services and Family Supports, is seeking to award funds to qualified Applicants for the implementation of Family Support Programs. These programs consist of community-based, high-quality EBHV services. It is the Department’s priority to maintain the presence of no less than one FS Program within each of the 67 counties in the Commonwealth.","Department of Human Services "prior DPW"","Statewide",9/9/2026,10/13/2026 12:00:00 PM,10/13/2026 12:01:00 PM,"Open","Nadine Chinapoo",9/24/2026 2:02:10 PM
"DGS A-0962-0048 Ph 1","RFA","FTIG - Inst Post-Init Military Training Housing","PROJECT NUMBER:  DGS A-0962-0048 Phase 1 PROJECT TITLE:  Fort Indiantown Gap – Institutional Post-Initial Military Training Unaccompanied Housing PROJECT LOCATION:  FTIG Area 19, Range Road, Annville, PA 17003  This Project is advertising for PROFESSIONAL SELECTIONS for design and/or engineering services.   BRIEF DESCRIPTION: The PA Department of Military and Veterans Affairs requires a complete final design package to construct a new 69,952 SQFT Institutional Post-Initial Military Training, Unaccompanied Housing facility consisting of 63,956 SQFT Barracks and 5,996 SQFT Dining Facility that supports a 234 peak student load, individual and collective training, administrative, automation and communications, and logistical requirements for the ARNG.  ESTIMATED CONSTRUCTION COST: $38,600,000.00.    <b>APPLICATION DUE DATE WEDNESDAY, OCTOBER 14, 2026, AT 4:30 P.M.<b>    The Department of General Services Capital Programs and the Office of Business Inclusion and Supplier Development identified this procurement as eligible for the setting of Small Diverse Business (SDB) and/or Veteran Business Enterprise (VBE) participation goals. Applicants must agree to meet all SDB and VBE Participation Goals in full or demonstrate that they have made Good Faith Efforts to meet the Goals. Refer to the project Trimble Unity Construct (previously e-Builder) solicitation folder for instructions regarding Small Diverse Business and Veteran Business Enterprise participation. The Goals for SDB participation: 0% The Goals for VBE participation: 0%  PROJECT DOCUMENTS, including the Application and Project Brief (Brief), can be viewed in, and downloaded from the project’s Trimble Unity Construct solicitation file. The Design Professional Selections documents have been revised as of 2026.<b>All Applicants are required to create a user profile within Trimble Unity Construct to view/download Project Documents.</b>   <a href=https://gateway.app.e-builder.net/app/bidders/landing?accountid=336a825c-0e5d-433b-835d-4ddd1682e87e&projectid=decb1637-44f2-4c6d-a17c-e361663199c2&bidpackageid=300e9b9a-1833-4b30-aef4-de82a94b31d5target=_New>Trimble Unity Construct Professional Selections Link</a>    ADDITIONAL REQUIREMENTS OF SHORTLISTED FIRMS: All Additional Requirements of shortlisted firms may vary from project to project and should be reviewed in the project’s Trimble Unity Construct solicitation documents on the “ADDTL REQs of SHORTLIST Firms” document.  APPLICATIONS FOR THIS PROJECT WILL ONLY BE ACCEPTED THROUGH A TRIMBLE UNITY CONSTRUCT (PREVIOUSLY E-BUILDER) BIDDING PORTAL.  A video tutorial is available on the Trimble Unity Construct site for first time users to learn how to navigate the platform.  Technical support is also available via email at support@e-builder.net or by phone at 1-888-288-5717.  <b>Due to technical limitations, Professional Selections projects must be viewed using a Windows PC. At this time, mobile devices are not supported.</b>   <b>All applicants must have a Current, Active Vendor/SAP Number.</b> To register for a Vendor Number, click the following link:   <a href=http://www.pasupplierportal.state.pa.us target=_New>Register</a>    A list of potential planholders, recommended firms and Professional Selections results are available on the DGS Capital Programs Design webpage: <a href=https://www.pa.gov/agencies/dgs/programs-and-services/design-and-construction-info/design.html target=_New>Professional Selections Results</a>  The PROFESSIONAL SELECTIONS MEETING is scheduled for WEDNESDAY, NOVEMBER 18, 2026 AT 10:00 AM.  The Professional Selections Meeting can be joined online at this link: <a href= https://teams.microsoft.com/l/meetup-join/19%3ameeting_MWFhMDQ3OTQtNTY2OC00OGU2LTkwMDMtOTQ4MGEyMWNmZmI4%40thread.v2/0?context=%7b%22Tid%22%3a%22418e2841-0128-4dd5-9b6c-47fc5a9a1bde%22%2c%22Oid%22%3a%22576d9ca1-706c-4830-8219-14e43234bab6%22%7d  target=_New>Professional Selections Web Conference</a> Phone Conference ID: 464 364 517# Toll-free: 1 267-332-8737","Department of Military and Veterans Affairs","Lebanon",9/9/2026,10/14/2026 4:30:00 PM,11/18/2026 10:00:00 AM,"Open","Heather Kelley",9/9/2026 3:12:04 PM
"DGS C-0251-0071 Ph 2","RFA","York Co Maint Fac- New County Maintenance Facility","PROJECT NUMBER:  DGS C-0251-0071 Phase 2 PROJECT TITLE:  York County Maintenance Facility – New County Maintenance Facility PROJECT LOCATION:  Hilton Avenue and Bull Road, Dover, PA 17315  This Project is advertising for PROFESSIONAL SELECTIONS for design and/or engineering services.   BRIEF DESCRIPTION: The project includes but is not limited to providing a new county maintenance facility for PennDOT's York Country District that is efficient, safe, supports operations, and adheres to PennDOT's standards.  The facility includes a new 42,000 pre-engineered maintenance building and supporting structures, such as bridge and paint crew buildings, sign shop, vehicle wash building, brine making building, salt shed, salt storage building, various equipment and materials storage buildings, and fuel island.  ESTIMATED CONSTRUCTION COST: $39,184,000.00.    <b>APPLICATION DUE DATE WEDNESDAY, OCTOBER 14, 2026, AT 4:30 P.M.<b>    The Department of General Services Capital Programs and the Office of Business Inclusion and Supplier Development identified this procurement as eligible for the setting of Small Diverse Business (SDB) and/or Veteran Business Enterprise (VBE) participation goals. Applicants must agree to meet all SDB and VBE Participation Goals in full or demonstrate that they have made Good Faith Efforts to meet the Goals. Refer to the project Trimble Unity Construct (previously e-Builder) solicitation folder for instructions regarding Small Diverse Business and Veteran Business Enterprise participation. The Goals for SDB participation: 21% The Goals for VBE participation: 3%  PROJECT DOCUMENTS, including the Application and Project Brief (Brief), can be viewed in, and downloaded from the project’s Trimble Unity Construct solicitation file. The Design Professional Selections documents have been revised as of 2026.<b>All Applicants are required to create a user profile within Trimble Unity Construct to view/download Project Documents.</b>   <a href=https://gateway.app.e-builder.net/app/bidders/landing?accountid=336a825c-0e5d-433b-835d-4ddd1682e87e&projectid=4466cb99-c2bb-4ddf-be59-f304277dd0f5&bidpackageid=9ebc3f8c-3b5a-44ea-a9a4-5c923d94cde1target=_New>Trimble Unity Construct Professional Selections Link</a>    ADDITIONAL REQUIREMENTS OF SHORTLISTED FIRMS: All Additional Requirements of shortlisted firms may vary from project to project and should be reviewed in the project’s Trimble Unity Construct solicitation documents on the “ADDTL REQs of SHORTLIST Firms” document.  APPLICATIONS FOR THIS PROJECT WILL ONLY BE ACCEPTED THROUGH A TRIMBLE UNITY CONSTRUCT (PREVIOUSLY E-BUILDER) BIDDING PORTAL.  A video tutorial is available on the Trimble Unity Construct site for first time users to learn how to navigate the platform.  Technical support is also available via email at support@e-builder.net or by phone at 1-888-288-5717.  <b>Due to technical limitations, Professional Selections projects must be viewed using a Windows PC. At this time, mobile devices are not supported.</b>  <b>All applicants must have a Current, Active Vendor/SAP Number.</b> To register for a Vendor Number, click the following link:   <a href=http://www.pasupplierportal.state.pa.us target=_New>Register</a>    A list of potential planholders, recommended firms and Professional Selections results are available on the DGS Capital Programs Design webpage: <a href=https://www.pa.gov/agencies/dgs/programs-and-services/design-and-construction-info/design.html target=_New>Professional Selections Results</a>  The PROFESSIONAL SELECTIONS MEETING is scheduled for WEDNESDAY, NOVEMBER 18, 2026 AT 10:00 AM.  The Professional Selections Meeting can be joined online at this link: <a href= https://teams.microsoft.com/l/meetup-join/19%3ameeting_MWFhMDQ3OTQtNTY2OC00OGU2LTkwMDMtOTQ4MGEyMWNmZmI4%40thread.v2/0?context=%7b%22Tid%22%3a%22418e2841-0128-4dd5-9b6c-47fc5a9a1bde%22%2c%22Oid%22%3a%22576d9ca1-706c-4830-8219-14e43234bab6%22%7d  target=_New>Professional Selections Web Conference</a> Phone Conference ID: 464 364 517# Toll-free: 1 267-332-8737","Department of Transportation","York",9/9/2026,10/14/2026 4:30:00 PM,11/18/2026 10:00:00 AM,"Open","Heather Kelley",9/9/2026 4:28:38 PM
"DGS C-0373-0011 Ph 1","RFA","SCI Mahanoy - RTU's and Roof Replacements","PROJECT NUMBER:  DGS C-0373-0011 Phase 1 PROJECT TITLE:  SCI Mahanoy – RTU’s and Roof Replacements PROJECT LOCATION:  301 Morea Road, Frackville, PA 17932  This Project is advertising for PROFESSIONAL SELECTIONS for design and/or engineering services.   BRIEF DESCRIPTION: The project includes but is not limited to the replacement of aging EPDM roofing system and rooftop HVAC units at multiple buildings throughout the facility.  Both the roof system and HVAC units have reached the end of their life cycle. The roof work may include replacement of decking, flashing, and insulation, as well as removal and reinstallation of lightning protection systems and replacement/expansion of roof hatches.   In addition to the roofing concerns, the I and J Block housing units and sallyport need new Roof Top Units (RTU's). The existing units have become increasingly difficult to maintain, and less capable of delivering reliable climate control.  The RTUs will require tie-in to the building automation system.  ESTIMATED CONSTRUCTION COST: $4,000,000.00.    <b>APPLICATION DUE DATE WEDNESDAY, OCTOBER 14, 2026, AT 4:30 P.M.<b>    The Department of General Services Capital Programs and the Office of Business Inclusion and Supplier Development identified this procurement as eligible for the setting of Small Diverse Business (SDB) and/or Veteran Business Enterprise (VBE) participation goals. Applicants must agree to meet all SDB and VBE Participation Goals in full or demonstrate that they have made Good Faith Efforts to meet the Goals. Refer to the project Trimble Unity Construct (previously e-Builder) solicitation folder for instructions regarding Small Diverse Business and Veteran Business Enterprise participation.  The Goals for SDB participation: 0% The Goals for VBE participation: 0%  PROJECT DOCUMENTS, including the Application and Project Brief (Brief), can be viewed in, and downloaded from the project’s Trimble Unity Construct solicitation file. The Design Professional Selections documents have been revised as of 2026.<b>All Applicants are required to create a user profile within Trimble Unity Construct to view/download Project Documents.</b>   <a href=https://gateway.app.e-builder.net/app/bidders/landing?accountid=336a825c-0e5d-433b-835d-4ddd1682e87e&projectid=332e1482-a9f9-455f-914a-90c24afe380c&bidpackageid=8692a102-260c-48cb-b8f4-b22b8bc83c1atarget=_New>Trimble Unity Construct Professional Selections Link</a>   ADDITIONAL REQUIREMENTS OF SHORTLISTED FIRMS: All Additional Requirements of shortlisted firms may vary from project to project and should be reviewed in the project’s Trimble Unity Construct solicitation documents on the “ADDTL REQs of SHORTLIST FIRMS” document.  APPLICATIONS FOR THIS PROJECT WILL ONLY BE ACCEPTED THROUGH A TRIMBLE UNITY CONSTRUCT (PREVIOUSLY E-BUILDER) BIDDING PORTAL.  A video tutorial is available on the Trimble Unity Construct site for first time users to learn how to navigate the platform.  Technical support is also available via email at support@e-builder.net or by phone at 1-888-288-5717.  <b>Due to technical limitations, Professional Selections projects must be viewed using a Windows PC. At this time, mobile devices are not supported.</b>   <b>All applicants must have a Current, Active Vendor/SAP Number.</b> To register for a Vendor Number, click the following link:   <a href=http://www.pasupplierportal.state.pa.us target=_New>Register</a>    A list of potential planholders, recommended firms and Professional Selections results are available on the DGS Capital Programs Design webpage: <a href=https://www.pa.gov/agencies/dgs/programs-and-services/design-and-construction-info/design.html target=_New>Professional Selections Results</a>  The PROFESSIONAL SELECTIONS MEETING is scheduled for WEDNESDAY, NOVEMBER 18, 2026 AT 10:00 AM.  The Professional Selections Meeting can be joined online at this link: <a href= https://teams.microsoft.com/l/meetup-join/19%3ameeting_MWFhMDQ3OTQtNTY2OC00OGU2LTkwMDMtOTQ4MGEyMWNmZmI4%40thread.v2/0?context=%7b%22Tid%22%3a%22418e2841-0128-4dd5-9b6c-47fc5a9a1bde%22%2c%22Oid%22%3a%22576d9ca1-706c-4830-8219-14e43234bab6%22%7d  target=_New>Professional Selections Web Conference</a>  Phone Conference ID: 464 364 517# Toll-free: 1 267-332-8737","Department of Corrections","Schuylkill",9/9/2026,10/14/2026 4:30:00 PM,11/18/2026 10:00:00 AM,"Open","Heather Kelley",9/9/2026 2:31:05 PM
"DGS C-0401-0064 Ph 1","RFA","Comm Univ Bloomsburg- Centennial Hall Mech Upgrade","PROJECT NUMBER:  DGS C-0401-0064 Phase 1 PROJECT TITLE:  Commonwealth University Bloomsburg – Centennial Hall Mechanical Upgrades PROJECT LOCATION:  400 East 2nd Street, Bloomsburg, PA 17815  This Project is advertising for PROFESSIONAL SELECTIONS for design and/or engineering services.   BRIEF DESCRIPTION: Commonwealth University's Bloomsburg Campus is advancing an ambitious modernization initiative designed to elevate the performance of Centennial Hall for decades to come. Central to this effort is the development of a new shared chiller plant facility, complemented by comprehensive HVAC upgrades to Centennial Hall and integration of all new HVAC equipment into the existing building’s automation system. Together, these high impact improvements will modernize critical building systems, improve energy efficiency, enhance operational reliability, and significantly reduce long term maintenance costs. This initiative represents a bold investment in a more sustainable and resilient future for the campus.  ESTIMATED CONSTRUCTION COST: $10,000,000.00.    <b>APPLICATION DUE DATE WEDNESDAY, OCTOBER 14, 2026, AT 4:30 P.M.<b>    The Department of General Services Capital Programs and the Office of Business Inclusion and Supplier Development identified this procurement as eligible for the setting of Small Diverse Business (SDB) and/or Veteran Business Enterprise (VBE) participation goals. Applicants must agree to meet all SDB and VBE Participation Goals in full or demonstrate that they have made Good Faith Efforts to meet the Goals. Refer to the project Trimble Unity Construct (previously e-Builder) solicitation folder for instructions regarding Small Diverse Business and Veteran Business Enterprise participation. The Goals for SDB participation: 21% The Goals for VBE participation: 3%  PROJECT DOCUMENTS, including the Application and Project Brief (Brief), can be viewed in, and downloaded from the project’s Trimble Unity Construct solicitation file. The Design Professional Selections documents have been revised as of 2026.<b>All Applicants are required to create a user profile within Trimble Unity Construct to view/download Project Documents.</b>   <a href=https://gateway.app.e-builder.net/app/bidders/landing?accountid=336a825c-0e5d-433b-835d-4ddd1682e87e&projectid=2acc8c9a-a631-430e-a2c2-53e26d3d2a14&bidpackageid=bc992f8f-2123-4aab-a483-f6a18deae99etarget=_New>Trimble Unity Construct Professional Selections Link</a>    ADDITIONAL REQUIREMENTS OF SHORTLISTED FIRMS: All Additional Requirements of shortlisted firms may vary from project to project and should be reviewed in the project’s Trimble Unity Construct solicitation documents on the “ADDTL REQs of SHORTLIST FIRMS” document.  APPLICATIONS FOR THIS PROJECT WILL ONLY BE ACCEPTED THROUGH A TRIMBLE UNITY CONSTRUCT (PREVIOUSLY E-BUILDER) BIDDING PORTAL.  A video tutorial is available on the Trimble Unity Construct site for first time users to learn how to navigate the platform.  Technical support is also available via email at support@e-builder.net or by phone at 1-888-288-5717.  <b>Due to technical limitations, Professional Selections projects must be viewed using a Windows PC. At this time, mobile devices are not supported.</b>   <b>All applicants must have a Current, Active Vendor/SAP Number.</b> To register for a Vendor Number, click the following link:   <a href=http://www.pasupplierportal.state.pa.us target=_New>Register</a>    A list of potential planholders, recommended firms and Professional Selections results are available on the DGS Capital Programs Design webpage: <a href=https://www.pa.gov/agencies/dgs/programs-and-services/design-and-construction-info/design.html target=_New>Professional Selections Results</a>  The PROFESSIONAL SELECTIONS MEETING is scheduled for WEDNESDAY, NOVEMBER 18, 2026 AT 10:00 AM.  The Professional Selections Meeting can be joined online at this link: <a href= https://teams.microsoft.com/l/meetup-join/19%3ameeting_MWFhMDQ3OTQtNTY2OC00OGU2LTkwMDMtOTQ4MGEyMWNmZmI4%40thread.v2/0?context=%7b%22Tid%22%3a%22418e2841-0128-4dd5-9b6c-47fc5a9a1bde%22%2c%22Oid%22%3a%22576d9ca1-706c-4830-8219-14e43234bab6%22%7d  target=_New>Professional Selections Web Conference</a> Phone Conference ID: 464 364 517# Toll-free: 1 267-332-8737","PA State Sys of Higher Ed","Columbia",9/9/2026,10/14/2026 4:30:00 PM,11/18/2026 10:00:00 AM,"Open","Heather Kelley",9/9/2026 2:43:11 PM
"DGS C-0409-0067 Ph 1","RFA","Com Univ Lock Haven - Fairview Stes Mech Upgrades","PROJECT NUMBER:  DGS C-0409-0067 Phase 1 PROJECT TITLE:  Commonwealth University Lock Haven – Fairview Suites Mechanical Upgrades PROJECT LOCATION:  401 North Fairview Street, Lock Haven, PA 17745  This Project is advertising for PROFESSIONAL SELECTIONS for design and/or engineering services.   BRIEF DESCRIPTION: The scope of work includes but is not limited to the replacement of aging HVAC units and upgrades the attic dry sprinkler and smoke detection systems in Fairview Suites to enhance building safety and improve overall reliability.  Building modifications are also required to provide better attic access.   These upgrades will support better energy performance and operational continuity. The work also aligns with the University's long-term facilities and sustainability goals.  ESTIMATED CONSTRUCTION COST: $3,960,000.00.    <b>APPLICATION DUE DATE WEDNESDAY, OCTOBER 14, 2026, AT 4:30 P.M.<b>    The Department of General Services Capital Programs and the Office of Business Inclusion and Supplier Development identified this procurement as eligible for the setting of Small Diverse Business (SDB) and/or Veteran Business Enterprise (VBE) participation goals. Applicants must agree to meet all SDB and VBE Participation Goals in full or demonstrate that they have made Good Faith Efforts to meet the Goals. Refer to the project Trimble Unity Construct (previously e-Builder) solicitation folder for instructions regarding Small Diverse Business and Veteran Business Enterprise participation. The Goals for SDB participation: 0% The Goals for VBE participation: 0%  PROJECT DOCUMENTS, including the Application and Project Brief (Brief), can be viewed in, and downloaded from the project’s Trimble Unity Construct solicitation file. The Design Professional Selections documents have been revised as of 2026.<b>All Applicants are required to create a user profile within Trimble Unity Construct to view/download Project Documents.</b>   <a href=https://gateway.app.e-builder.net/app/bidders/landing?accountid=336a825c-0e5d-433b-835d-4ddd1682e87e&projectid=6bceaa49-b23f-48da-9af9-4cd0cae07df5&bidpackageid=299b7f4f-76b1-47e9-b58b-68f5cf335685target=_New>Trimble Unity Construct Professional Selections Link</a>    ADDITIONAL REQUIREMENTS OF SHORTLISTED FIRMS: All Additional Requirements of shortlisted firms may vary from project to project and should be reviewed in the project’s Trimble Unity Construct solicitation documents on the “ADDTL REQs of SHORTLIST FIRMS” document.  APPLICATIONS FOR THIS PROJECT WILL ONLY BE ACCEPTED THROUGH A TRIMBLE UNITY CONSTRUCT (PREVIOUSLY E-BUILDER) BIDDING PORTAL.  A video tutorial is available on the Trimble Unity Construct site for first time users to learn how to navigate the platform.  Technical support is also available via email at support@e-builder.net or by phone at 1-888-288-5717.  <b>Due to technical limitations, Professional Selections projects must be viewed using a Windows PC. At this time, mobile devices are not supported.</b>   <b>All applicants must have a Current, Active Vendor/SAP Number.</b> To register for a Vendor Number, click the following link:   <a href=http://www.pasupplierportal.state.pa.us target=_New>Register</a>    A list of potential planholders, recommended firms and Professional Selections results are available on the DGS Capital Programs Design webpage: <a href=https://www.pa.gov/agencies/dgs/programs-and-services/design-and-construction-info/design.html target=_New>Professional Selections Results</a>  The PROFESSIONAL SELECTIONS MEETING is scheduled for WEDNESDAY, NOVEMBER 18, 2026 AT 10:00 AM.  The Professional Selections Meeting can be joined online at this link: <a href= https://teams.microsoft.com/l/meetup-join/19%3ameeting_MWFhMDQ3OTQtNTY2OC00OGU2LTkwMDMtOTQ4MGEyMWNmZmI4%40thread.v2/0?context=%7b%22Tid%22%3a%22418e2841-0128-4dd5-9b6c-47fc5a9a1bde%22%2c%22Oid%22%3a%22576d9ca1-706c-4830-8219-14e43234bab6%22%7d  target=_New>Professional Selections Web Conference</a> Phone Conference ID: 464 364 517# Toll-free: 1 267-332-8737","PA State Sys of Higher Ed","Clinton",9/9/2026,10/14/2026 4:30:00 PM,11/18/2026 10:00:00 AM,"Open","Heather Kelley",9/9/2026 2:48:49 PM
"DGS C-0572-0028 Ph 1","RFA","SCI Huntingdon - Roof Replacements","PROJECT NUMBER:  DGS C-0572-0028 Phase 1 PROJECT TITLE:  SCI Huntingdon – Roof Replacements PROJECT LOCATION:  1100 Pike Street, Huntingdon, PA 16652  This Project is advertising for PROFESSIONAL SELECTIONS for design and/or engineering services.   BRIEF DESCRIPTION: The scope of work is intended to replace several roofs at the institution including the Old Superintendents House, Business Office, CI Manufacturing, Carpentry Shop, Soap Plant, and Housing Units. There are multiple styles and materials across these buildings including peaked structures with shingles and flat roofs with EPDM. The roofs on these buildings have reached the end of their useful life and are experiencing recurring leaks and failing insulation. In addition to the roofing, the scope includes, but is not limited to the replacement of associated decking, flashing, and insulation as required.  ESTIMATED CONSTRUCTION COST: $4,000,000.00.    <b>APPLICATION DUE DATE WEDNESDAY, OCTOBER 14, 2026, AT 4:30 P.M.<b>    The Department of General Services Capital Programs and the Office of Business Inclusion and Supplier Development identified this procurement as eligible for the setting of Small Diverse Business (SDB) and/or Veteran Business Enterprise (VBE) participation goals. Applicants must agree to meet all SDB and VBE Participation Goals in full or demonstrate that they have made Good Faith Efforts to meet the Goals. Refer to the project Trimble Unity Construct (previously e-Builder) solicitation folder for instructions regarding Small Diverse Business and Veteran Business Enterprise participation. The Goals for SDB participation: 0% The Goals for VBE participation: 0%  PROJECT DOCUMENTS, including the Application and Project Brief (Brief), can be viewed in, and downloaded from the project’s Trimble Unity Construct solicitation file. The Design Professional Selections documents have been revised as of 2026.<b>All Applicants are required to create a user profile within Trimble Unity Construct to view/download Project Documents.</b>   <a href=https://gateway.app.e-builder.net/app/bidders/landing?accountid=336a825c-0e5d-433b-835d-4ddd1682e87e&projectid=165387fe-8fa6-4023-a0e2-8a1d688644b1&bidpackageid=4104a559-3ba5-466b-995c-882b3304d80dtarget=_New>Trimble Unity Construct Professional Selections Link</a>    ADDITIONAL REQUIREMENTS OF SHORTLISTED FIRMS: All Additional Requirements of shortlisted firms may vary from project to project and should be reviewed in the project’s Trimble Unity Construct solicitation documents on the “ADDTL REQs of SHORTLIST Firms” document.  APPLICATIONS FOR THIS PROJECT WILL ONLY BE ACCEPTED THROUGH A TRIMBLE UNITY CONSTRUCT (PREVIOUSLY E-BUILDER) BIDDING PORTAL.  A video tutorial is available on the Trimble Unity Construct site for first time users to learn how to navigate the platform.  Technical support is also available via email at support@e-builder.net or by phone at 1-888-288-5717.  <b>Due to technical limitations, Professional Selections projects must be viewed using a Windows PC. At this time, mobile devices are not supported.</b>   <b>All applicants must have a Current, Active Vendor/SAP Number.</b> To register for a Vendor Number, click the following link:   <a href=http://www.pasupplierportal.state.pa.us target=_New>Register</a>    A list of potential planholders, recommended firms and Professional Selections results are available on the DGS Capital Programs Design webpage: <a href=https://www.pa.gov/agencies/dgs/programs-and-services/design-and-construction-info/design.html target=_New>Professional Selections Results</a>  The PROFESSIONAL SELECTIONS MEETING is scheduled for WEDNESDAY, NOVEMBER 18, 2026 AT 10:00 AM.  The Professional Selections Meeting can be joined online at this link: <a href= https://teams.microsoft.com/l/meetup-join/19%3ameeting_MWFhMDQ3OTQtNTY2OC00OGU2LTkwMDMtOTQ4MGEyMWNmZmI4%40thread.v2/0?context=%7b%22Tid%22%3a%22418e2841-0128-4dd5-9b6c-47fc5a9a1bde%22%2c%22Oid%22%3a%22576d9ca1-706c-4830-8219-14e43234bab6%22%7d  target=_New>Professional Selections Web Conference</a> Phone Conference ID: 464 364 517# Toll-free: 1 267-332-8737","Department of Corrections","Huntingdon",9/9/2026,10/14/2026 4:30:00 PM,11/18/2026 10:00:00 AM,"Open","Heather Kelley",9/9/2026 2:54:36 PM
"DGS C-0572-0029 Ph 1","RFA","SCI Huntingdon-Low Voltage Dist Panels & Gate Ctls","PROJECT NUMBER:  DGS C-0572-0029 Phase 1 PROJECT TITLE:  SCI Huntingdon – Low Voltage Distribution Panels and Gate Controls PROJECT LOCATION:  1100 Pike Street, Huntingdon, PA 16652  This Project is advertising for PROFESSIONAL SELECTIONS for design and/or engineering services.   BRIEF DESCRIPTION: The scope of work is intended to replace low voltage cabling and distribution panels from low voltage feeders to low voltage Main Distribution Panels (MDP) in the institution. Provide aerial line from Generator room to Bldg. #53, to add all outbuildings to Main Distribution Switch gear and provide Emergency Generator coverage. Replace Analog Gate controls at 2 Gate and Front Gate with PLC controlled Gate operators. Also replace all gate motors and gear driven assemblies.  ESTIMATED CONSTRUCTION COST: $7,000,000.00.    <b>APPLICATION DUE DATE WEDNESDAY, OCTOBER 14, 2026, AT 4:30 P.M.<b>    The Department of General Services Capital Programs and the Office of Business Inclusion and Supplier Development identified this procurement as eligible for the setting of Small Diverse Business (SDB) and/or Veteran Business Enterprise (VBE) participation goals. Applicants must agree to meet all SDB and VBE Participation Goals in full or demonstrate that they have made Good Faith Efforts to meet the Goals. Refer to the project Trimble Unity Construct (previously e-Builder) solicitation folder for instructions regarding Small Diverse Business and Veteran Business Enterprise participation. The Goals for SDB participation: 21% The Goals for VBE participation: 3%  PROJECT DOCUMENTS, including the Application and Project Brief (Brief), can be viewed in, and downloaded from the project’s Trimble Unity Construct solicitation file. The Design Professional Selections documents have been revised as of 2026.<b>All Applicants are required to create a user profile within Trimble Unity Construct to view/download Project Documents.</b>   <a href=https://gateway.app.e-builder.net/app/bidders/landing?accountid=336a825c-0e5d-433b-835d-4ddd1682e87e&projectid=d300aa6b-0df9-41cc-8c4d-bcf9604e0972&bidpackageid=205379d5-d6cd-4936-8f20-17180ed52b2btarget=_New>Trimble Unity Construct Professional Selections Link</a>   ADDITIONAL REQUIREMENTS OF SHORTLISTED FIRMS: All Additional Requirements of shortlisted firms may vary from project to project and should be reviewed in the project’s Trimble Unity Construct solicitation documents on the “ADDTL REQs of SHORTLIST Firms” document.  APPLICATIONS FOR THIS PROJECT WILL ONLY BE ACCEPTED THROUGH A TRIMBLE UNITY CONSTRUCT (PREVIOUSLY E-BUILDER) BIDDING PORTAL.  A video tutorial is available on the Trimble Unity Construct site for first time users to learn how to navigate the platform.  Technical support is also available via email at support@e-builder.net or by phone at 1-888-288-5717.  <b>Due to technical limitations, Professional Selections projects must be viewed using a Windows PC. At this time, mobile devices are not supported.</b>   <b>All applicants must have a Current, Active Vendor/SAP Number.</b> To register for a Vendor Number, click the following link:   <a href=http://www.pasupplierportal.state.pa.us target=_New>Register</a>    A list of potential planholders, recommended firms and Professional Selections results are available on the DGS Capital Programs Design webpage: <a href=https://www.pa.gov/agencies/dgs/programs-and-services/design-and-construction-info/design.html target=_New>Professional Selections Results</a>  The PROFESSIONAL SELECTIONS MEETING is scheduled for WEDNESDAY, NOVEMBER 18, 2026 AT 10:00 AM.  The Professional Selections Meeting can be joined online at this link: <a href= https://teams.microsoft.com/l/meetup-join/19%3ameeting_MWFhMDQ3OTQtNTY2OC00OGU2LTkwMDMtOTQ4MGEyMWNmZmI4%40thread.v2/0?context=%7b%22Tid%22%3a%22418e2841-0128-4dd5-9b6c-47fc5a9a1bde%22%2c%22Oid%22%3a%22576d9ca1-706c-4830-8219-14e43234bab6%22%7d  target=_New>Professional Selections Web Conference</a> Phone Conference ID: 464 364 517# Toll-free: 1 267-332-8737","Department of Corrections","Huntingdon",9/9/2026,10/14/2026 4:30:00 PM,11/18/2026 10:00:00 AM,"Open","Heather Kelley",9/9/2026 3:00:59 PM
"DGS C-0960-0093 Ph 1","RFA","PA Soldiers' & Sailors' Home - PSSH Cemetery Reno","PROJECT NUMBER:  DGS C-0960-0093 Phase 1 PROJECT TITLE:  PA Soldiers’ & Sailors’ Home – PSSH Cemetery Renovation PROJECT LOCATION:  560 East 3rd Street, Erie, PA 16507  This Project is advertising for PROFESSIONAL SELECTIONS for design and/or engineering services.   BRIEF DESCRIPTION: The scope of work is intended to dually protect the sanctity of the cemetery and modernize the current condition. The intent is to rehabilitate and modernize the Veteran's Cemetery, and to provide enhanced accommodations for family visitation. Additionally, this project will serve to strengthen pedestrian access through the cemetery to adjacent historic areas of the property, ensuring respectful, well-managed movement while preserving the integrity of the landscape.  ESTIMATED CONSTRUCTION COST: $5,600,000.00.    <b>APPLICATION DUE DATE WEDNESDAY, OCTOBER 14, 2026, AT 4:30 P.M.<b>    The Department of General Services Capital Programs and the Office of Business Inclusion and Supplier Development identified this procurement as eligible for the setting of Small Diverse Business (SDB) and/or Veteran Business Enterprise (VBE) participation goals. Applicants must agree to meet all SDB and VBE Participation Goals in full or demonstrate that they have made Good Faith Efforts to meet the Goals. Refer to the project Trimble Unity Construct (previously e-Builder) solicitation folder for instructions regarding Small Diverse Business and Veteran Business Enterprise participation. The Goals for SDB participation: 0% The Goals for VBE participation: 0%  PROJECT DOCUMENTS, including the Application and Project Brief (Brief), can be viewed in, and downloaded from the project’s Trimble Unity Construct solicitation file. The Design Professional Selections documents have been revised as of 2026.<b>All Applicants are required to create a user profile within Trimble Unity Construct to view/download Project Documents.</b>   <a href=https://gateway.app.e-builder.net/app/bidders/landing?accountid=336a825c-0e5d-433b-835d-4ddd1682e87e&projectid=fa489672-f7fb-42f9-b398-6e9978474a42&bidpackageid=c65f9613-7147-4708-940d-7deca9e7f8cdtarget=_New>Trimble Unity Construct Professional Selections Link</a>    ADDITIONAL REQUIREMENTS OF SHORTLISTED FIRMS: All Additional Requirements of shortlisted firms may vary from project to project and should be reviewed in the project’s Trimble Unity Construct solicitation documents on the “ADDTL REQs of SHORTLIST Firms” document.  APPLICATIONS FOR THIS PROJECT WILL ONLY BE ACCEPTED THROUGH A TRIMBLE UNITY CONSTRUCT (PREVIOUSLY E-BUILDER) BIDDING PORTAL.  A video tutorial is available on the Trimble Unity Construct site for first time users to learn how to navigate the platform.  Technical support is also available via email at support@e-builder.net or by phone at 1-888-288-5717.  <b>Due to technical limitations, Professional Selections projects must be viewed using a Windows PC. At this time, mobile devices are not supported.</b>   <b>All applicants must have a Current, Active Vendor/SAP Number.</b> To register for a Vendor Number, click the following link:   <a href=http://www.pasupplierportal.state.pa.us target=_New>Register</a>    A list of potential planholders, recommended firms and Professional Selections results are available on the DGS Capital Programs Design webpage: <a href=https://www.pa.gov/agencies/dgs/programs-and-services/design-and-construction-info/design.html target=_New>Professional Selections Results</a>  The PROFESSIONAL SELECTIONS MEETING is scheduled for WEDNESDAY, NOVEMBER 18, 2026 AT 10:00 AM.  The Professional Selections Meeting can be joined online at this link: <a href= https://teams.microsoft.com/l/meetup-join/19%3ameeting_MWFhMDQ3OTQtNTY2OC00OGU2LTkwMDMtOTQ4MGEyMWNmZmI4%40thread.v2/0?context=%7b%22Tid%22%3a%22418e2841-0128-4dd5-9b6c-47fc5a9a1bde%22%2c%22Oid%22%3a%22576d9ca1-706c-4830-8219-14e43234bab6%22%7d  target=_New>Professional Selections Web Conference</a> Phone Conference ID: 464 364 517# Toll-free: 1 267-332-8737","Department of Military and Veterans Affairs","Erie",9/9/2026,10/14/2026 4:30:00 PM,11/18/2026 10:00:00 AM,"Open","Heather Kelley",9/9/2026 3:06:33 PM
"DGS C-1578-0014 Ph 1","RFA","SCI Waymart - Elevator Improvements","PROJECT NUMBER:  DGS C-1578-0014 Phase 1 PROJECT TITLE:  SCI Waymart – Elevator Improvements PROJECT LOCATION:  11 Fairview Drive, Waymart, PA 18472  This Project is advertising for PROFESSIONAL SELECTIONS for design and/or engineering services.   BRIEF DESCRIPTION: The scope of work includes but is not limited to the replacement of one freight elevator and one passenger elevator.  This work is intended to increase safety and operational efficiency by meeting current safety, accessibility, and building code standards. The building 5 freight elevator will be replaced in its entirety and the building 20 passenger cab interior, controls and key components will be refurbished as required to meet current standards.  ESTIMATED CONSTRUCTION COST: $1,200,000.00.    <b>APPLICATION DUE DATE WEDNESDAY, OCTOBER 14, 2026, AT 4:30 P.M.<b>    The Department of General Services Capital Programs and the Office of Business Inclusion and Supplier Development identified this procurement as eligible for the setting of Small Diverse Business (SDB) and/or Veteran Business Enterprise (VBE) participation goals. Applicants must agree to meet all SDB and VBE Participation Goals in full or demonstrate that they have made Good Faith Efforts to meet the Goals. Refer to the project Trimble Unity Construct (previously e-Builder) solicitation folder for instructions regarding Small Diverse Business and Veteran Business Enterprise participation. The Goals for SDB participation: 0% The Goals for VBE participation: 0%  PROJECT DOCUMENTS, including the Application and Project Brief (Brief), can be viewed in, and downloaded from the project’s Trimble Unity Construct solicitation file. The Design Professional Selections documents have been revised as of 2026.<b>All Applicants are required to create a user profile within Trimble Unity Construct to view/download Project Documents.</b>   <a href=https://gateway.app.e-builder.net/app/bidders/landing?accountid=336a825c-0e5d-433b-835d-4ddd1682e87e&projectid=51c7f728-3a2d-4041-be8c-2a6f1dd11ce6&bidpackageid=83d04722-97cb-4452-a410-6d81cd1d0969target=_New>Trimble Unity Construct Professional Selections Link</a>    ADDITIONAL REQUIREMENTS OF SHORTLISTED FIRMS: All Additional Requirements of shortlisted firms may vary from project to project and should be reviewed in the project’s Trimble Unity Construct solicitation documents on the “ADDTL REQs of SHORTLIST Firms” document.  APPLICATIONS FOR THIS PROJECT WILL ONLY BE ACCEPTED THROUGH A TRIMBLE UNITY CONSTRUCT (PREVIOUSLY E-BUILDER) BIDDING PORTAL.  A video tutorial is available on the Trimble Unity Construct site for first time users to learn how to navigate the platform.  Technical support is also available via email at support@e-builder.net or by phone at 1-888-288-5717.  <b>Due to technical limitations, Professional Selections projects must be viewed using a Windows PC. At this time, mobile devices are not supported.</b>   <b>All applicants must have a Current, Active Vendor/SAP Number.</b> To register for a Vendor Number, click the following link:   <a href=http://www.pasupplierportal.state.pa.us target=_New>Register</a>    A list of potential planholders, recommended firms and Professional Selections results are available on the DGS Capital Programs Design webpage: <a href=https://www.pa.gov/agencies/dgs/programs-and-services/design-and-construction-info/design.html target=_New>Professional Selections Results</a>  The PROFESSIONAL SELECTIONS MEETING is scheduled for WEDNESDAY, NOVEMBER 18, 2026 AT 10:00 AM.  The Professional Selections Meeting can be joined online at this link: <a href= https://teams.microsoft.com/l/meetup-join/19%3ameeting_MWFhMDQ3OTQtNTY2OC00OGU2LTkwMDMtOTQ4MGEyMWNmZmI4%40thread.v2/0?context=%7b%22Tid%22%3a%22418e2841-0128-4dd5-9b6c-47fc5a9a1bde%22%2c%22Oid%22%3a%22576d9ca1-706c-4830-8219-14e43234bab6%22%7d  target=_New>Professional Selections Web Conference</a> Phone Conference ID: 464 364 517# Toll-free: 1 267-332-8737","Department of Corrections","Wayne",9/9/2026,10/14/2026 4:30:00 PM,11/18/2026 10:00:00 AM,"Open","Heather Kelley",9/9/2026 3:16:35 PM
"DGS-2026 SWSS Fourth Round","RFA","PA Game Commission Statewide Surveyor Services","PROJECT TITLE:  DGS-2026 SWSS – PGC Statewide Surveyor Services  BRIEF DESCRIPTION:     The Pennsylvania Game Commission (PGC) is seeking qualified firms to provide Professional Land Surveying Services on an as-needed basis across the Commonwealth of Pennsylvania. The Game Commission owns and manages more than 1.5 million acres of state game lands throughout the Commonwealth. The selected consultant will support and supplement the work of PGC Survey Staff in the performance of land surveying duties for new acquisitions and for retracement of existing boundaries. The consultant will function as an extension of PGC’s internal team, working collaboratively to fulfill surveying needs as they arise. For each project where PGC determines that surveyor services are desirable, PGC may issue a request for quote (RFQ) from qualified firms.  This is the final request for applications after the initial request made on 1/8/26.   <b>APPLICATION DUE DATE WEDNESDAY, OCTOBER 14, 2026, AT 4:30 P.M.<b>    <b>PLEASE NOTE:  THIS RFA IS NOT AFFILIATED WITH ANY PREVIOUS PGC PROJECTS/CONTRACTS.  All firms interested in performing surveyor services for PGC will need to apply to this RFA if not qualified in the previous three rounds of this advertisement..<b>   PROJECT DOCUMENTS can be viewed in and downloaded from the project’s Trimble Unity Construct (previously known as e-Builder) solicitation file. <b>All Applicants are required to create a user profile within Trimble to view/download Project Documents.</b>   <a href=https://gateway.app.e-builder.net/app/bidders/landing?accountid=336a825c-0e5d-433b-835d-4ddd1682e87e&projectid=f51e430a-6ce6-4183-99ce-398720d1f288&bidpackageid=4c8a8500-7be4-4ab1-baeb-6fd170ab2832target=_New>Trimble Unity Construct Professional Selections Link</a>    APPLICATIONS FOR THIS PROJECT WILL ONLY BE ACCEPTED ELECTRONICALLY THROUGH A TRIMBLE UNITY CONSTRUCT BIDDING PORTAL.  A video tutorial is available on the Trimble site for first time users to learn how to navigate Trimble.  Technical support is also available via email at support@e-builder.net or by phone at 1-888-288-5717.  <b>Due to technical limitations, Professional Selections for Surveying Services projects must be viewed using a Windows PC. At this time, mobile devices are not supported.</b>   <b>All applicants must have a Current, Active Vendor/SAP Number.</b> To register for a Vendor Number, click the following link:   <a href=http://www.pasupplierportal.state.pa.us target=_New>Register</a>   The PROFESSIONAL SELECTIONS MEETING is scheduled for WEDNESDAY, NOVEMBER 18, 2026 AT 10:00 AM.  The Professional Selections Meeting can be joined online at this link: <a href= https://teams.microsoft.com/l/meetup-join/19%3ameeting_MWFhMDQ3OTQtNTY2OC00OGU2LTkwMDMtOTQ4MGEyMWNmZmI4%40thread.v2/0?context=%7b%22Tid%22%3a%22418e2841-0128-4dd5-9b6c-47fc5a9a1bde%22%2c%22Oid%22%3a%22576d9ca1-706c-4830-8219-14e43234bab6%22%7d  target=_New>Professional Selections Web Conference</a> Phone Conference ID: 464 364 517# Toll-free: 1 267-332-8737","Pennsylvania Game Commission","Statewide",9/9/2026,10/14/2026 4:30:00 PM,11/18/2026 10:00:00 AM,"Open","Heather Kelley",9/9/2026 3:28:13 PM
"6100066211","IFB","12 8500 Medical Case Management SWIF","The Commonwealth of Pennsylvania, Department of Labor and Industry, on behalf of the State Workers' Insurance Fund (SWIF), issues this Invitation for Bids (IFB) to procure professional, on-demand Field Based Medical Case Management Services.  Field Based Medical Case Management Services refer to the coordination and management of medical care for injured workers receiving workers' compensation benefits. Services are provided by qualified Registered Nurses (RNs) who assess medical and rehabilitation needs, coordinate treatment, communicate with medical providers and SWIF claim staff, facilitate return-to-work efforts when appropriate, and provide ongoing case management in accordance with the Pennsylvania Workers' Compensation Act, applicable regulations, and Pennsylvania case law.  This IFB seeks qualified independent contractors to provide safe, reliable, and professional Field Based Medical Case Management Services throughout the Commonwealth of Pennsylvania. Contractors shall provide labor, materials, services, skills, supervision, and necessary equipment to perform Field Based Medical Case Management Services for workers' compensation claims. Contractors must meet all agency requirements and comply with all local, state, and federal laws and regulations, including the Pennsylvania Workers' Compensation Act, Title 34 Pa. Code Sections 123.201–123.302, confidentiality requirements, and the protection of individually identifiable health information in accordance with HIPAA and applicable privacy regulations.  The Commonwealth will award contracts to all responsive and responsible suppliers. The Commonwealth will issue contracts for an initial term not to exceed three (3) years, with two (2) successive one-year renewal options at its sole discretion. A contract award does not guarantee work, and no services may be performed without a Notice to Proceed issued by SWIF.  BID SUBMISSION AND PRICING Only the cost information submitted on Attachment A – Price Rate Sheet will be considered for purposes of award. Prices, rates, or other cost information submitted anywhere other than Attachment A – Price Rate Sheet will not be considered for award.  Bidders shall complete and submit the entire Attachment A – Price Rate Sheet as part of their bid response. Failure to submit a complete Attachment A – Price Rate Sheet may result in the bid being deemed non-responsive.  The submission of a separate proposal is not required and will not be considered for purposes of award. Bidders should not submit a separate technical or cost proposal in lieu of the required bid documents. Any pricing contained in a proposal, narrative, cover letter, correspondence, or any other document other than Attachment A – Price Rate Sheet will not be considered for award.  Bidders are requested to complete and sign the signature acknowledgment included in the Statement of Work (SOW) as part of their response to the solicitation. The signature acknowledgment confirms the bidder's acknowledgment and acceptance of the SOW requirements.  If a bid response is submitted without the signature acknowledgment on the SOW, but contains all other required bid documents, including a complete Attachment A – Price Rate Sheet, the response may nevertheless be considered for award, provided the bidder otherwise meets all requirements for responsiveness and responsibility and the Commonwealth determines that the omission does not affect the responsiveness of the bid.  The Commonwealth will evaluate and consider only the pricing submitted on the completed Attachment A – Price Rate Sheet. No other pricing submitted by a bidder will be considered or used in determining the award.  Estimated Quantities: It shall be understood and agreed that any quantities listed in the Contract are estimated only and may be increased or decreased in accordance with the actual requirements of the Commonwealth and that the Commonwealth in accepting any bid or portion thereof, contracts only and agrees to purchase only the materials and services in such quantities as represent the actual requirements of the Commonwealth. The Commonwealth reserves the right to purchase materials and services covered under the Contract through a separate competitive procurement procedure, whenever Commonwealth deems it to be in its best interest.  This IFB consists of the following documents. Items marked with an asterisk (*) must be completed as required, signed, and submitted with the bid response.  Documents 01 Statement of Work (SOW) 02 Terms and Conditions 03 Locating and Responding to a Solicitation 04 Business Associate Addendum HIPAA  Bid Forms 05 Attachment A - Price Rate Sheet* 06 Worker Protection and Investment Certification Form* 07 Iran Free Procurement Certification Form*  Instructions on how to respond to this solicitation are included in the Notes and Attachments section of this IFB under Locating and Responding to a Solicitation. Bidders are responsible for reviewing all documents associated with this IFB in their entirety to ensure full understanding of the requirements. Failure to thoroughly review all IFB materials does not relieve the bidder of the responsibility to comply with all terms, conditions, and submission requirements.  Any questions regarding this IFB must be submitted individually and in writing via email by 4:00 PM ET on Monday, October 12, 2026, to the L & I Central Procurement resource account at RA-li-OIT-BAS-Procur@pa.gov, with IFB 6100066211 – 12 8500 Medical Case Management SWIF in the subject line. All questions and responses will be considered an addendum to and part of this IFB. The Issuing Office is not bound by verbal information or by written information not contained within the IFB or formally issued by the Issuing Office. Submission of questions is not considered a protest of the solicitation.  Only questions submitted via the L & I Central Resource Account will receive a response. Questions submitted directly to the issuing officer, or by any method other than the L&I Central Resource Account, including email or telephone, will NOT receive a response.  Qualified suppliers interested in the DGS Small Business Program should use the following link to verify their status as a DGS Small Business: https://www.dgs.pa.gov/bdisbo/Pages/Verification.aspx  Suppliers who become DGS Certified Small Businesses shall upload their Small Business Certificate with their bid.","Department of Labor and Industry","Statewide",9/8/2026,10/30/2026 4:00:00 PM,10/30/2026 4:01:00 PM,"Open","Christine Newton",9/22/2026 3:29:14 PM
"6100066560","IFB","Professional Broadcast, Audio Visual & Multi-Media","The Commonwealth intends to satisfy its need for a Professional Broadcast, AV and Multi-Media Equipment and related services to support the needs of the agencies. The resulting contract(s) will provide Professional Broadcast, AV and Multimedia Equipment, Supplies, Installation, Maintenance, and Upgrades for using agencies. This includes but is not limited to equipment for: video production, editing and post-production; digital still photography, video/audio signal processing, encoding, monitoring and testing; video routers and servers; digital asset management (DAM) and media asset management (MAM) systems; digital signage; cable system head end and distribution; AV conference/training rooms; AV control systems; displays, monitors and projectors; acoustic and audio.","All Using Agencies","Statewide",9/4/2026,9/30/2026 2:00:00 PM,9/30/2026 2:01:00 PM,"Open","Katrin Walker",9/21/2026 3:53:54 PM
"AMD 11(2568)102.1","R3-RFQ","Passv Trtmnt Rehb Bllwd N. Read Twnshp Cmbria Cnty","Principal Items of Work and Approximate Quantities:  Mobilization and Demobilization. 1 L.S. Implementation of the Erosion and Sediment Plan – Rock Construction Entrance, 1 Each Implementation of the Erosion and Sediment Plan – Compost Filter Sock, 1 Each Clearing and Grubbing (approximately 7.5 acres) Grading Limestone coarse Aggregate (approximately 7,500 tons) Water Level Control Structures Settling Pond Baffles  Beginning on the Issue Date, free copies of bid documents can be obtained by going to www.BidExpress.com, PA Department of Environmental Protection","Department of Environmental Protection","Cambria",9/4/2026,10/8/2026 2:00:00 PM,10/8/2026 2:00:00 PM,"Open","Construction Contracts",9/29/2026 11:44:19 AM
"DOC-RFP006590","RFP","Tattoo Artist Apprenticeship Program","The Commonwealth of Pennsylvania Department of Corrections (PA DOC) is seeking an Offeror to provide an instructor for 32 to 40 hours a week to lead a Tattoo Artist Apprenticeship program for incarcerated individuals.  This program aims to provide an opportunity for incarcerated individuals to learn the trade of tattoo art at Frackville SCI, 111 Altamont Blvd, Frackville, PA.  The apprenticeship program would include training for all aspects related to professional tattooing such as disease prevention, design, application, customer service, and familiarization with shop operations.   This is an ELECTRONIC bid only.    All bidders are responsible for monitoring this website, www.eMarketplace.state.pa.us to view any change notices to this RFP. The change notices shall become incorporated as part of this solicitation. Interested Bidders must be registered to submit a bid. To register and obtain a vendor number visit the PA Supplier Portal. Information about the registration and bidding process can be found at the Supplier Service Center.   In addition to registering at www.pasupplierportal.state.pa.us - All Offerors are required to create a user profile within our JAGGAER portal to access the RFP, to view documents and respond to the RFP.    All Offerors are required to create a user profile within our JAGGAER portal.   PROPOSALS WILL ONLY BE ACCEPTED ELECTRONICALLY THROUGH JAGGAER. See attached information.   Technical support is available via Jaggaer at JAGGAER Support JAGGAER Support or (800) 233-1121","Department of Corrections","Schuylkill",9/4/2026,10/21/2026 2:30:00 PM,10/21/2026 2:30:00 PM,"Open","Elizabeth Lenhart",9/23/2026 9:46:54 AM
"OOGM FS26-4","R3-RFQ","C&P 8 OG Wells, Foster and Otto Twps. McKean Cnty","The principal items of work and approximate quantities are:  Clean out and plug eight (8) orphan gas wells, estimated to be 1,200 to 1,600 feet in depth, to Department specifications. Prepare and restore well sites/site. Mobilize and demobilize plugging equipment.  Beginning on the Issue Date, free copies of bid documents can be obtained by going to www.BidExpress.com, PA Department of Environmental Protection.  MANDATORY PRE-BID CONFERENCE is scheduled for September 15, 2026, at 10 a.m. Representatives from the Department will meet the contractors at:  Otto Township VFD Station 9 118 R L Sweitzer Drive Duke Center, PA 16729 41.939576, -78.475261.  FAILURE TO ATTEND THE PRE-BID CONFERENCE WILL BE CAUSE FOR REJECTION OF THE BID.","Department of Environmental Protection","McKean",9/4/2026,10/15/2026 2:00:00 PM,10/15/2026 2:00:00 PM,"Open","Construction Contracts",9/3/2026 3:11:57 PM
"3524R10-1","RFP","Ignition Interlock Program","PennDOT is seeking a contract to provide statewide Quality Assurance and Technical Expertise for the Ignition Interlock Program. The Selected Offeror will be required to conduct site visits to Ignition Interlock installation locations, complete Interlock device testing, provide training to stakeholders, and conduct client data log reviews. The Selected Offeror will be an expert on the Pennsylvania Ignition Interlock Specification and a resource for questions related to the entire Interlock process.  THIS SOLICITATION MUST BE VIEWED ON JAGGAER. PROPOSAL SUBMITTALS WILL ONLY BE ACCEPTED ELECTRONICALLY THROUGH JAGGAER. All Offerors are required to create a user profile within our JAGGAER portal.  Please access the JAGGAER website at: https://solutions.sciquest.com/apps/Router/SupplierLogin?CustOrg=CommonwealthPA JAGGAER Registration Help:  please call 844-724-7267.  Small Diverse Business (SDB) and Veteran Business Enterprise (VBE) Participation - The Issuing Office and the Department of General Services’ Bureau of Diversity, Inclusion and Small Business Opportunities (BDISBO) has not set Small Diverse Business (SDB) and/or Veteran Business Enterprise (VBE) participation goals for this procurement.  This procurement is either under the $250,000 threshold for setting SDB and VBE Participation goals, or the Issuing Office and BDISBO have determined that the SDB and/or VBE participation opportunities for the scope of work for this procurement are de minimis.   There are no goals for Small Diverse Businesses (SDB) or Veteran Business Enterprise (VBE) on this solicitation, but bidders are encouraged to subcontract to SDB and VBE firms found at the following address: http://www.dgs.internet.state.pa.us/suppliersearch.  If an SDB or a VBE is identified during the contract term, the Selected Contractor shall refer to the following address for information on both programs: https://www.dgs.pa.gov/Small%20Diverse%20Business%20Program/Small-Diverse-Business-Procurement/Pages/default.aspx. If you have any questions regarding the SDB/VBE programs please contact BDISBO programs at GS-BDISBO@pa.gov or phone 717-783-3119. Please be aware, any change of subcontractor during the contract term must also be communicated to PennDOT as per the requirements of the Contract.  Pre-Proposal Conference - This conference will take place virtually via Microsoft Teams on September 16, 2026 @ 1:30 PM. An RSVP is due via email to William Reed, willireed@pa.gov, by September 14, 2026 @ 4:30 PM. The link to the Microsoft Teams conference, and call-in phone number/code for those without Microsoft Teams access, will be provided after registration. PLEASE NOTE: THE CONFERENCE CANNOT BE RECORDED OR TRANSCRIBED.","Department of Transportation","Statewide",9/2/2026,9/30/2026 4:30:00 PM,9/30/2026 4:30:00 PM,"Open","William Reed",9/8/2026 2:45:17 PM
"61-16025","RFP","Annual Independent Audit Services"," The Pennsylvania Turnpike Commission is seeking an annual independent auditor for the Commission's Trust Indentures and Other Postemployment Welfare Plan Program requires that an annual audit be performed of the Commission’s books and accounts each fiscal year by an independent certified public accountant. For complete RFP details please visit the Commission's Vendor Portal at www.ptcvendorportal.com","Pennsylvania Turnpike Commission","Statewide",9/1/2026,10/7/2026 2:00:00 PM,10/7/2026 2:00:00 PM,"Open","Amanda Harmon",9/1/2026 10:13:06 AM
"6100066458","IFB","8512 LYDC Vision Services","The Department of Human Services (“DHS”) is in need of a Contractor to supply vision  services to the resident population of the, Loysville Youth Development Center (“LYDC”),  located at 8 Opportunity Drive, Loysville, PA. 17047.","Department of Human Services "prior DPW"","Perry",9/1/2026,10/22/2026 1:00:00 PM,10/22/2026 1:01:00 PM,"Open","Sherry Cover",9/15/2026 2:39:41 PM
"95199","RFI","Redevelopment of White Haven Center","The Department of General Services (DGS), on behalf of the Commonwealth of Pennsylvania, is issuing this Request for Information (RFI) to assess market interest in the potential redevelopment or reuse of the Commonwealth-owned property located at 827 Oley Valley Road, White Haven, Pennsylvania (Property). The Commonwealth seeks to identify qualified development teams capable of undertaking a financially sound, community-responsive, and high-quality redevelopment of the Property.  The Property consists of approximately 182.72 acres with improvements and is zoned S-1 Special Purpose Institutional Use. It is strategically located along the Interstate 80 corridor, approximately 110 miles west of New York City, 96 miles north of Philadelphia, and 101 miles north of Harrisburg. The Property is under the jurisdiction of the Department of Human Services, closed to patient services as of two years ago, and is currently vacant.  This RFI is not a formal solicitation and will not result in the award of a contract or sale of the Property. If the Commonwealth elects to proceed with a formal disposition or development process, a separate Request for Proposal (RFP) or other formal solicitation will be issued. Responding to this RFI neither precludes nor guarantees participation in any subsequent procurement process.  See Request For Information (RFI) Solicitation 95199 document attached for full details.","Department of General Services","Luzerne",9/1/2026,11/2/2026 11:59:00 PM,11/4/2026 3:01:00 PM,"Open","Brett Crans",9/1/2026 4:47:02 PM
"RFA 67-212","RFA","Long-Term Care Quality Investment Program","This grant program will provide awards to long-term care facilities to positively impact the well-being of long-term care residents, workforce, as well as improve their own capability to manage future operations and build resilience. ","Department of Health","Statewide",9/1/2026,10/1/2026 7:00:00 AM,10/1/2026 7:01:00 AM,"Open","Andrew  Zechman",9/23/2026 10:00:52 AM
"DOC2368394436","RFP","Cybersecurity & Managed Security Services","This Request for Proposals (RFP) provides interested offerors with the information necessary to prepare and submit proposals for Pennsylvania’s State System of Higher Education’s consideration to provide Cybersecurity and Managed Security Services for the System Office and its universities.  This RFP is expected to result in multiple contracts and establish a pool of qualified offerors that have demonstrated the ability to provide the required services to the State System on an as-needed basis. Inclusion in the awarded contractor pool does not guarantee work, a minimum service volume, or any commitment by the State System to procure services from a particular supplier.   Pennsylvania’s State System of Higher Education utilizes the SAP Business Network portal as its public bid board. Suppliers must be registered with the Ariba Network to download the solicitation documents and submit proposals. Instructions for viewing the sourcing event for registered suppliers are available at the State System’s website: https://www.passhe.edu/shared-services/procurement/bid-information.html  See attachment for further instructions.    Contact: Linda Venneri CPSM, lvenneri@passhe.edu","PA State Sys of Higher Ed","Dauphin",8/31/2026,10/1/2026 2:00:00 PM,10/1/2026 2:00:00 PM,"Open","Linda Venneri",9/1/2026 11:49:27 AM
"1000028","SFP","Centre County CAO","leasing office space to the Commonwealth of Pennsylvania for use by the Pennsylvania Department of Human Services in Centre County.","Department of General Services","Statewide",8/28/2026,11/10/2026 3:00:00 PM,11/12/2026 10:00:00 AM,"Open","Phillip Iacono",9/15/2026 10:54:43 AM
"3525R01","RFP","PennDOT Integrated Vehicle Platform","Provide application development, support and maintenance services for a collection of business-critical custom software applications that support the Bureau of Motor Vehicles.       The Department of General Services (DGS) Small Diverse Business (SDB) and Veteran Business Enterprise (VBE) and PennDOT's Diverse Business (DB) program apply to this procurement. There is an SDB Goal of 20% and a VBE Goal of 3% established for this procurement.   THIS SOLICITATION MUST BE VIEWED ON JAGGAER. PROPOSAL SUBMITTALS WILL ONLY BE ACCEPTED ELECTRONICALLY THROUGH JAGGAER. All Offerors are required to create a user profile within our JAGGAER portal.  Please access the JAGGAER website at:  https://solutions.sciquest.com/apps/Router/SupplierLogin?CustOrg=CommonwealthPA JAGGAER Registration Help:  please call  844-724-7267.  Preproposal Conference with SDB, VBE Goals and PennDOT Diverse Business (DB) Information Session. The Commonwealth has made significant changes to the SDB and VBE requirements, and failure to meet these requirements may result in your proposal being deemed nonresponsive. Therefore, the Issuing Office will hold an SDB and VBE Goal Information Session for this RFP which we highly recommend you attend. The purpose of this Session is to provide an overview of the RFP and SDB and VBE Participation submission instructions. There will also be an overview of the PennDOT DB Program, submission instructions and requirements. Offerors may ask questions in accordance with Section 10, Questions and Answers contained in this Description Section. Offerors may also ask questions during the Session; however responses provided during the Session are not official until the question is submitted in writing using the Q&A Board in JAGGAER. Q&A Board questions and written responses shall become part of this RFP.  This conference will take place virtually via Microsoft Teams on 09/15/26@ 09:00am. An RSVP is due via email to Ed Newkam, enewkam@pa.gov, by 09/14/26 @ 2pm. The link to the Microsoft Teams conference, and call-in phone number/code for those without Microsoft Teams access, will be provided after registration. Please see the official name of the SDB/VBE presentation contained in the RFP Buyer Attachments in the event you will not be able to use the link to join the call and must use the call-in phone number and code.  PLEASE NOTE: YOU SHALL NOT BE PERMITTED TO RECORD OR TRANSCRIBE THE CONFERENCE.","Department of Transportation","Statewide",8/27/2026,10/9/2026 3:00:00 PM,10/9/2026 3:01:00 PM,"Open","Mark  Snyder",9/23/2026 3:11:47 PM
"6100064185","RFP","Medical Marijuana Seed to Sale System","The Commonwealth of Pennsylvania (Commonwealth), Department of Health (DOH), Bureau of Medical Marijuana (Bureau) is seeking a vendor-hosted Software as a Service (SaaS) solution for a comprehensive Medical Marijuana Seed-to-Sale System that will document, monitor, and track every stage of the growing, transferring, possessing, processing, testing, and dispensing of medical marijuana in accordance with Pennsylvania’s Medical Marijuana Act, Act 16 of 2016, P.L. 84, No. 16, 35 P.S. § § 10231.101-2110 (Act 16), which legalized the use of medical marijuana obtained for certified medical use by a Pennsylvania (PA) resident with at least 1 of the identified serious medical conditions enumerated in the statue.   There will be a Pre-Proposal Conference, Tuesday, September 8, 2026, at 1:00pm ET. Offerors who wish to attend shall submit their RSVP to Corey Walters, RA-GSITPROCUREMENT@pa.gov with the subject line RFP 6100064185 Pre-Proposal RSVP, no later than Tuesday, September 8, 2026, at 11:00am ET.   Use the following text for RFPs only:   Please <a href=https://bids.sciquest.com/apps/Router/PublicEvent?CustomerOrg=CommonwealthPA target=_new >click here</a> to view the list of solicitations.  All Offerors are required to create a user profile within our JAGGAER portal  Please <a href=https://solutions.sciquest.com/apps/Router/SupplierLogin?CustOrg=CommonwealthPA target=_new >click here</a> to go to the portal.   PROPOSALS WILL ONLY BE ACCEPTED ELECTRONICALLY THROUGH JAGGAER.  Technical support is available via Jaggaer at <a href=https://www.jaggaer.com/service-support/supplier-support/ target=_new >JAGGAER Support</a> JAGGAER Support or (800) 233-1121   ","Department of General Services","Statewide",8/26/2026,10/8/2026 12:00:00 PM,10/8/2026 12:01:00 PM,"Open","Corey Walters",8/26/2026 1:57:08 PM
"DGS C-0414-0072 Phase 1","IFB","West Chester University - Sturzebecker Health Scie","This PROJECT IS A STANDARD LOW BID PROJECT and includes GENERAL, HVAC, PLUMBING AND ELECTRICAL CONSTRUCTION.  PROJECT TITLE: West Chester University - Sturzebecker Health Science Center Renovations   ESTIMATED RANGE:  .1 General – $23,000,000 - $24,000,000    .2 HVAC – $12,000,000 - $13,000,000  .3 Plumbing - $6,000,000 - $7,000,000       &     .4 Electrical – $12,000,000 - $13,000,000  LIQUIDATED DAMAGES = (.1) $7,000.00 per day, (.2) $5,000.00 per day, (.3) $3,000.00 per day & (.4) $5,000.00 per day.  There is no Bid Guaranty required for this Project.  DATE FOR RECEIVING BIDS IS WEDENSDAY, OCTOBER 7, 2026, AT 11:00 A.M.  The Pre-Bid Conference will take place on Thursday, August 27, 2026, at 1:00 P.M., at Sturzebecker Health Science Center Building, Room 331, 855 S. New Street, West Chester, PA 19383.  CLIENT AGENCY REQUIREMENTS: Contractors are to park in Lot O. See campus map.  The Department of General Services Capital Programs and the Bureau of Diversity, Inclusion and Small Business Opportunities (BDISBO) identified this procurement as eligible for the setting of Small Diverse Business (SDB) and/or Veteran Business Enterprise (VBE) participation goals.  However, BDISBO did not set SDB and/or VBE participation goals for those procurements that are less than the $600,000 threshold required to set either goal.  In addition, there will be no points allocated toward SDB/SB participation for this procurement.  This is a significant programmatic change from the SDB and SB Participation program contained in prior Projects issued by Capital Programs.  Bidders now must agree to meet the SDB and VBE Participation Goals in full or demonstrate that they have made Good Faith Efforts to meet the Goals. Refer to the Instructions to Bidders section regarding Small Diverse Business and Veteran Business Enterprise Participation for further information.  The Goals for each Prime Contract is as follows:        SDB AND VBE GOALS .1 General Construction – ALL BASE BIDS (#1, #2, #3, & # 4)  SDB = 16%  VBE = 3% .2 HVAC Construction – ALL BASE BIDS (#1, #2, #3, & # 4)     SDB = 12%  VBE = 3% .3 Plumbing Construction – ALL BASE BIDS (#1, #2, #3, & # 4) SDB =  8%  VBE = 3% .4 Electrical Construction ALL BASE BIDS (#1, #2, #3, & # 4) SDB = 16%  VBE = 3%  All proposers must be registered to view/download Plans and Specifications and must have a Current, Active Vendor Number. To register click the following link:   <a href=http://www.pasupplierportal.state.pa.us target=_New>register</a>    All Proposers are required to create a user profile within e-Builder.  Please click on discipline below to create a user profile and view the bid package:   <a href= https://gateway.app.e-builder.net/app/bidders/landing?accountid=336a825c-0e5d-433b-835d-4ddd1682e87e&projectid=8a355490-1c21-4d1f-9ba0-f880960e1d15&bidpackageid=5089f8d9-16de-4682-93ba-00a13f6c3a35 target=_New>General Construction</a>   <a href= https://gateway.app.e-builder.net/app/bidders/landing?accountid=336a825c-0e5d-433b-835d-4ddd1682e87e&projectid=8a355490-1c21-4d1f-9ba0-f880960e1d15&bidpackageid=49fb423b-da23-49cc-a212-ae0908683041 target=_New>HVAC Construction</a>   <a href= https://gateway.app.e-builder.net/app/bidders/landing?accountid=336a825c-0e5d-433b-835d-4ddd1682e87e&projectid=8a355490-1c21-4d1f-9ba0-f880960e1d15&bidpackageid=ede04001-dd8b-4e4b-9791-bf45e2fb3b41 target=_New>Plumbing Construction</a>   <a href= https://gateway.app.e-builder.net/app/bidders/landing?accountid=336a825c-0e5d-433b-835d-4ddd1682e87e&projectid=8a355490-1c21-4d1f-9ba0-f880960e1d15&bidpackageid=3f52d2ec-3397-499c-bc1b-a0c2bc837190 target=_New>Electrical Construction</a>    BIDS FOR THIS PROJECT WILL ONLY BE ACCEPTED ELECTRONICALLY THROUGH E-BUILDER.  A video tutorial is available on the e-Builder site for first time users to learn how to navigate e-Builder.  Technical support is also available via email at support@e-builder.net or by phone at 1-888-288-5717.    Due to technical limitations, public bid openings must be viewed using a Windows PC.  At this time, mobile devices are not supported.  The online public bid opening can be viewed by clicking the following link:  <a href=https://teams.microsoft.com/l/meetup-join/19%3ameeting_ODgzZjZmNDEtMDBmNy00NWZlLTg2ZDgtMzUxZWNhNDAwZDVk%40thread.v2/0?context=%7b%22Tid%22%3a%22418e2841-0128-4dd5-9b6c-47fc5a9a1bde%22%2c%22Oid%22%3a%22b40fd252-49d9-4421-b664-92b77574d366%22%7d target=_New>Public Bid Opening</a>  To view a list of current potential bidders and bid results go to the link below and scroll down the page and click on “Current Project Bidding Potential Bidders List”: <a href=https://www.dgs.pa.gov/Design-and-Construction/Bidding/Pages/default.aspx#.WFlv4qMo6cw target=_New>Bidding Information</a>  CAPITAL PROGRAMS EMPLOYMENT VERIFICATION ACT:   THE BIDDER MUST COMPLY WITH THE CAPITAL PROGRAMS EMPLOYMENT VERIFICATION ACT 127 OF 2012 BY SUBMITTING TO THE DEPARTMENT A COMMONWEALTH CAPITAL PROGRAMS VERIFICATION FORM (“FORM”) WITH THEIR BID OR PRIOR TO THE AWARD OF THE CONTRACT.  EXECUTIVE ORDER 2021-06, WORKER PROTECTION AND INVESTMENT (OCTOBER 21, 2021): THE COMMONWEALTH IS RESPONSIBLE FOR ENSURING THAT EVERY PENNSYLVANIA WORKER HAS A SAFE AND HEALTHY WORK ENVIRONMENT AND THE PROTECTIONS AFFORDED THEM THROUGH LABOR LAWS.  THE BIDDER MUST CERTIFY THAT THEY ARE IN COMPLIANCE WITH ALL APPLICABLE PENNSYLVANIA STATE LABOR AND WORKFORCE SAFETY LAWS BY SUBMITTING TO THE DEPARTMENT A WORKER PROTECTION AND INVESTMENT CERTIFICATION FORM WITH THEIR BID OR PRIOR TO THE AWARD OF THE CONTRACT.  NO ENTITY SHALL POST ANY OF THE DEPARTMENT’S INVITATION TO BID DOCUMENTS TO ANY SOCIAL MEDIA PLATFORM (e.g., YouTube, Facebook, Google, Twitter, Instagram, etc.) OR OTHER WEB SITE BASED PLATFORMS OPEN TO THE PUBLIC.","PA State Sys of Higher Ed","Chester",8/19/2026,10/7/2026 11:00:00 AM,10/7/2026 11:00:00 AM,"Open","Elin Westrick",9/28/2026 9:29:04 AM
"6100066166","IFB","WeSH Outpatient and Emergency Care Services","DHS Wernersville State Hospital (WeSH) is seeking a Contractor to provide outpatient and emergency health services to the residents of the WeSH.","Department of Human Services "prior DPW"","Berks",8/17/2026,10/20/2026 10:00:00 AM,10/20/2026 10:01:00 AM,"Open","Ceena Jenkins",9/21/2026 9:02:46 AM
"6100066475","IFB","SCI Fayette Resident Roofing Project","This solicitation is for the procurement of Roof Replacement for three (3) residences—Superintendent’s and two Deputy’s homes for the Department of Corrections at SCI Fayette, 50 Overlook Drive, LaBelle, PA 15450.  This procurement is restricted to DGS certified Micro Businesses.  Only Electronic Bid Responses Will Be Accepted. Registered Vendors may find solicitation on the PA Supplier Portal. All bidders are responsible for monitoring eMarketplace to view any change notices to this IFB. The change notices shall become incorporated as part of this solicitation. Interested vendors must be registered to submit a bid. To register and obtain a vendor number visit the PA Supplier Portal. Information about the registration and bidding process can be found at the Supplier Service Center.","Department of Corrections","Fayette",8/12/2026,10/15/2026 3:00:00 PM,10/15/2026 3:01:00 PM,"Open","Steven Buzzard",9/10/2026 9:48:32 AM
"6100066476","IFB","SCI Somerset Resident Roofing Project","This solicitation is for the procurement of Roof Replacement for three (3) residences—Superintendent’s (R1) and two Deputy’s houses (R2 and R3) for the Department of Corrections at SCI Somerset, 1590 Walters Mill Road, Somerset, PA 15510.   This procurement is restricted to DGS certified Micro Businesses.   Only Electronic Bid Responses Will Be Accepted. Registered Vendors may find solicitation on the PA Supplier Portal. All bidders are responsible for monitoring eMarketplace to view any change notices to this IFB. The change notices shall become incorporated as part of this solicitation. Interested vendors must be registered to submit a bid. To register and obtain a vendor number visit the PA Supplier Portal. Information about the registration and bidding process can be found at the Supplier Service Center.","Department of Corrections","Somerset",8/12/2026,10/14/2026 3:00:00 PM,10/14/2026 3:01:00 PM,"Open","Steven Buzzard",9/10/2026 9:49:29 AM
"260381","IFB","EXPIRED RESTAURANT LIQUOR LICENSE AUCTION","Pursuant to section 407.3 of the Liquor Code, the Pennsylvania Liquor Control Board (PLCB) is accepting bids for the rights to file transfer applications for certain expired restaurant liquor licenses as set forth in this Invitation for Bids #260381 (IFB). 47 P.S. § 4-470.3. Unlike in an excess auction conducted under section 407.3(l), licenses sold during this auction cannot be transferred outside of the originating county.","Liquor Control Board","Multiple",8/6/2026,10/5/2026 12:00:00 PM,10/8/2026 9:00:00 AM,"Open","James Krammes",8/31/2026 2:15:14 PM
"4400034793","ITQ","Online Legal Services ITQ","The purpose of the Online Legal Services ITQ is to qualify responsible and responsive Contractors to provide online legal research services and related subscription services to Commonwealth of Pennsylvania executive agencies. These services will provide comprehensive legal research tools and resources to support agency operations and legal functions. In addition, Local Public Procurement Units, as defined by the Commonwealth Procurement Code, may use this contract in accordance with the COSTARS Provision contained in this document.  Please <a href=https://www.dgs.pa.gov/Materials-Services-Procurement/Procurement-Resources/Pages/ITQ-Documents.aspx target=blank>click here</a> to view a list of ITQ Contracts and related documents.  First, suppliers must register as a Procurement Vendor with the Commonwealth of Pennsylvania and receive a six-digit vendor number. Suppliers will register in the PA Supplier Portal at <a href=https://pasupplierportal.state.pa.us/irj/portal/anonymous target=Blank>click here</a>.  Lastly, suppliers are required to create a user profile within our PA JAGGAER Portal to complete qualification requirements.  Please <a href=https://solutions.sciquest.com/apps/Router/SupplierLogin?CustOrg=CommonwealthPA target=blank>click here</a> to go to the PA JAGGAER Portal.  QUALIFICATIONS WILL ONLY BE ACCEPTED ELECTRONICALLY THROUGH JAGGAER.  Technical support is available via Jaggaer at <a href=https://www.jaggaer.com/service-support/supplier-support/ target=blank>JAGGAER Support</a> or (800) 233-1121.","Department of General Services","Statewide",8/6/2026,8/6/2031 3:00:00 PM,8/6/2031 3:01:00 PM,"Open","Timothy Grostefon",7/30/2026 3:30:03 PM
"4400034655","ITQ","Fuels, Tank Wagon Delivery ITQ","The purpose of the Fuels, Tank Wagon Delivery ITQ is to qualify responsible and responsive Contractors to provide tank wagon delivery (under 5,000 gallons per delivery) of various liquid fuel types including but not limited to, heating oil, unleaded gasoline, diesel fuel, kerosene, and biofuels to agency locations throughout the Commonwealth. In addition, Local Public Procurement Units, as defined by the Commonwealth Procurement Code, may use this contract in accordance with the COSTARS Provision contained within this document.  Please <a href=https://www.dgs.pa.gov/Materials-Services-Procurement/Procurement-Resources/Pages/ITQ-Documents.aspx target=blank>click here</a> to view a list of ITQ Contracts and related documents, and search for # 4400034655. If you are already registered as a qualified Supplier on the existing Fuels, Tank Wagon ITQ 4400011997, you can use your current PA JAGGAER Portal registration and update it by adding the new 620-series Commodity Codes. It is recommended not to create an additional JAGGAER Portal account.  First, suppliers must register as a Procurement Vendor with the Commonwealth of Pennsylvania and receive a six-digit vendor number if never having done business with the Commonwealth previously. Suppliers will register in the PA Supplier Portal at <a href=https://pasupplierportal.state.pa.us/irj/portal/anonymous target=Blank>click here</a>.  Lastly, suppliers are required to create a user profile within our PA JAGGAER Portal to complete qualification requirements.  Please <a href=https://solutions.sciquest.com/apps/Router/SupplierLogin?CustOrg=CommonwealthPA target=blank>click here</a> to go to the PA JAGGAER Portal.  QUALIFICATIONS WILL ONLY BE ACCEPTED ELECTRONICALLY THROUGH JAGGAER.  Technical support is available via Jaggaer at <a href=https://www.jaggaer.com/service-support/supplier-support/ target=blank>JAGGAER Support</a> or (800) 233-1121. ","All Using Agencies","Statewide",8/4/2026,12/31/2031 12:59:00 PM,12/31/2031 12:59:00 PM,"Open","Keith Worley",8/4/2026 9:14:40 AM
"4400034759","ITQ","INVASIVE PLANT PEST MANAGEMENT & MITIGATION SERVIC","The purpose of this Invasive Plant Pest Management & Mitigation Services Invitation to Qualify (ITQ) is to qualify responsible and responsive contractors to perform services necessary to control and/or mitigate the effects of invasive plants or invasive pests of plants. Typical work may include the removal of pest host material or treatment of host plants with approved pesticide. This work will primarily be requested and directed by the Pennsylvania Department of Agriculture (PDA) however all Commonwealth agencies are permitted to use this contract.  Please <a href=https://www.dgs.pa.gov/Materials-Services-Procurement/Procurement-Resources/Pages/ITQ-Documents.aspx target=blank>click here</a> to view a list of ITQ Contracts and related documents.  First, suppliers must register as a Procurement Vendor with the Commonwealth of Pennsylvania and receive a six-digit vendor number. Suppliers will register in the PA Supplier Portal at <a href=https://pasupplierportal.state.pa.us/irj/portal/anonymous target=Blank>click here</a>.  Lastly, suppliers are required to create a user profile within our PA JAGGAER Portal to complete qualification requirements.  Please <a href=https://solutions.sciquest.com/apps/Router/SupplierLogin?CustOrg=CommonwealthPA target=blank>click here</a> to go to the PA JAGGAER Portal.  QUALIFICATIONS WILL ONLY BE ACCEPTED ELECTRONICALLY THROUGH JAGGAER.  Technical support is available via Jaggaer at <a href=https://www.jaggaer.com/service-support/supplier-support/ target=blank>JAGGAER Support</a> or (800) 233-1121.","Department of General Services","Statewide",8/1/2026,12/31/2031 12:00:00 PM,12/31/2031 12:00:00 PM,"Open","Kent Stimely",7/28/2026 3:37:33 PM
"4400034775","ITQ","Hazardous/Residual Waste Removal Services","The purpose of the Hazardous/Residual Waste Removal Services ITQ is to qualify responsible and responsive Contractors to pick up, transport, and dispose of hazardous and residual waste generated by Commonwealth of Pennsylvania agencies. This contract does not include municipal waste collection. Pickup locations will be specified in the Request for Quote (RFQ).  Please <a href=https://www.dgs.pa.gov/Materials-Services-Procurement/Procurement-Resources/Pages/ITQ-Documents.aspx target=blank>click here</a> to view a list of ITQ Contracts and related documents.  First, suppliers must register as a Procurement Vendor with the Commonwealth of Pennsylvania and receive a six-digit vendor number. Suppliers will register in the PA Supplier Portal at <a href=https://pasupplierportal.state.pa.us/irj/portal/anonymous target=Blank>click here</a>.  Lastly, suppliers are required to create a user profile within our PA JAGGAER Portal to complete qualification requirements.  Please <a href=https://solutions.sciquest.com/apps/Router/SupplierLogin?CustOrg=CommonwealthPA target=blank>click here</a> to go to the PA JAGGAER Portal.  QUALIFICATIONS WILL ONLY BE ACCEPTED ELECTRONICALLY THROUGH JAGGAER.  Technical support is available via Jaggaer at <a href=https://www.jaggaer.com/service-support/supplier-support/ target=blank>JAGGAER Support</a> or (800) 233-1121","Department of General Services","Statewide",8/1/2026,12/31/2031 12:00:00 PM,12/31/2031 12:00:00 PM,"Open","Kent Stimely",8/3/2026 11:14:46 AM
"4400035008","ITQ","Call Handling Equipment (CHE) Sustainment Equipmen","The Pennsylvania Emergency Management Agency (PEMA) is soliciting Suppliers to submit qualifications for statewide Call Handling Equipment (CHE) Sustainment Equipment and Services Invitation to Qualify (ITQ).  Suppliers that meet the qualifications will be awarded a contract and may be eligible to respond to a Request for Quotes (RFQ).  First, if they have not already done so, Suppliers should be registered as a PA Supplier and receive a supplier number.  Suppliers can register at: https://pasupplierportal.state.pa.us/irj/portal/anonymous  Suppliers are also required to create a user profile within our JAGGAER portal, if they have not already done so, and select one of the following Commodity Code: 92000000-ITQ-618 911 CHE Sustainment Services.  A complete list of ITQ solicitations can be found at:  https://www.dgs.pa.gov/Materials-Services-Procurement/Procurement-Resources/Pages/ITQ-Documents.aspx  All Offerors are required to create a user profile within our JAGGAER portal:  https://solutions.sciquest.com/apps/Router/SupplierLogin?CustOrg=CommonwealthPA  QUALIFICATIONS WILL ONLY BE ACCEPTED ELECTRONICALLY THROUGH JAGGAER.  Technical support is available via Jaggaer at JAGGAER Support (800) 233-1121 or https://www.jaggaer.com/service-support/supplier-support/.","Pennsylvania Emergency Management Agency","Statewide",7/30/2026,7/29/2028 3:00:00 PM,7/29/2028 3:01:00 PM,"Open","Larry Dove",7/30/2026 11:39:07 AM
"4400034815","ITQ","Agile Digital Development ITQ","The purpose of the Digital Development Services ITQ is to qualify responsible and responsive Contractors to perform digital service work for the Commonwealth of Pennsylvania’s executive agencies to ensure that digital experiences for Pennsylvanians are simple, seamless and secure.  This contract is for fixed price, deliverables-based Digital Development IT services projects. The Commonwealth, when it determines that it is in its best interest, reserves the right to create separate ITQs for specific projects. If separate ITQs are established for specific projects, all vendors will have to separately qualify for those ITQs if they are interested in quoting and participating in those specific projects.  The purchase of hardware, software, and staff augmentation services are NOT PERMITTED under this contract.  Agile Digital Development Master Contract 4400032059 was Replaced with Agile Digital Development Master Contract 4400034815 on 6/24/2026   Please <a href=https://www.dgs.pa.gov/Materials-Services-Procurement/Procurement-Resources/Pages/ITQ-Documents.aspx target=blank>click here</a> to view a list of ITQ Contracts and related documents.  First, suppliers must register as a Procurement Vendor with the Commonwealth of Pennsylvania and receive a six-digit vendor number. Suppliers will register in the PA Supplier Portal at <a href=https://pasupplierportal.state.pa.us/irj/portal/anonymous target=Blank>click here</a>.  Lastly, suppliers are required to create a user profile within our PA JAGGAER Portal to complete qualification requirements.  Please <a href=https://solutions.sciquest.com/apps/Router/SupplierLogin?CustOrg=CommonwealthPA target=blank>click here</a> to go to the PA JAGGAER Portal.  QUALIFICATIONS WILL ONLY BE ACCEPTED ELECTRONICALLY THROUGH JAGGAER.  Technical support is available via Jaggaer at <a href=https://www.jaggaer.com/service-support/supplier-support/ target=blank>JAGGAER Support</a> or (800) 233-1121.","Department of General Services","Statewide",7/29/2026,6/2/2030 3:00:00 PM,6/2/2030 3:01:00 PM,"Open","Timothy Grostefon",7/29/2026 1:17:29 PM
"4400034656","ITQ","Water Treatment Services ITQ","The Department of General Services (DGS) is soliciting Suppliers to submit qualifications for a statewide Water Treatment Services Invitation to Qualify (ITQ).  Suppliers that meet the qualifications will be awarded a contract and may be eligible to respond to a Request for Quotes (RFQ).  Services may cover requirements for non-potable water systems, to include boiler systems, steam generating systems, HVAC systems, cooling towers and recirculating hot and cold-water systems, open and closed loops, etc. at various Commonwealth agencies.","Department of General Services","Statewide",7/21/2026,12/31/2031 3:00:00 PM,12/31/2031 9:00:00 AM,"Open","samantha toth",7/22/2026 9:43:49 AM
"4400033595","ITQ","Elevator & Mechanical Movers Service","The purpose of the Elevator & Mechanical Movers, Maintenance & Repair Services ITQ is to qualify responsible and responsive  Contractors to perform maintenance, repair, and limited component-level modernization services on existing equipment for Commonwealth of Pennsylvania agencies. Covered equipment includes elevators, escalators, dumbwaiters, handicap lifts, tramways, travelators, mechanical movers, and other lifting devices governed by ASME standards adopted by the Department of Labor & Industry under the Uniform Construction Code. Services under this contract are intended to support the continued safe, reliable, and code-compliant operation of existing systems. This contract is not intended for construction projects or work that involves full system replacement or changes to system size, type, capacity, or operational capability.   Agencies are responsible for determining whether a project constitutes construction and must review the Commonwealth Procurement Handbook, Part IV, Chapter 15 (Job Order Contracting Program) as a benchmark when making that determination.   Local Public Procurement Units, as defined by the Commonwealth Procurement Code, may use  this contract in accordance with the COSTARS Provision contained in this document.   Please <a href=https://www.dgs.pa.gov/Materials-Services-Procurement/Procurement-Resources/Pages/ITQ-Documents.aspx target=_new >click here</a> to view a list of ITQ Contracts and related documents.  First, suppliers must register as a PA Supplier and receive a vendor number.  Suppliers will register in the PA Supplier Portal at https://pasupplierportal.state.pa.us/irj/portal/anonymous    Lastly, suppliers are required to create a user profile within our JAGGAER portal to complete qualification requirements.    Please <a href=https://solutions.sciquest.com/apps/Router/SupplierLogin?CustOrg=CommonwealthPA target=_new >click here</a> to go to the portal.  QUALIFICATIONS WILL ONLY BE ACCEPTED ELECTRONICALLY THROUGH JAGGAER.  Technical support is available via Jaggaer at <a href=https://www.jaggaer.com/service-support/supplier-support/ target=_new >JAGGAER Support</a> JAGGAER Support or (800) 233-1121.","All Using Agencies","Statewide",6/8/2026,3/31/2031 3:00:00 PM,3/31/2031 3:01:00 PM,"Open","Jason Collett",6/29/2026 1:08:40 PM
"4400033948","ITQ","Facilities Maintenance Repair Services","The Department of General Services (DGS) is soliciting Contractors to submit qualifications for to qualify responsible and responsive Contractors to perform repair or preventative maintenance of facility equipment or systems and those parts required for repair or preventative maintenance for facilities owned by the Commonwealth of Pennsylvania. This ITQ also includes Roofing Services and Facility Control Services, which encompass predictive, preventative, and corrective maintenance of proprietary facility control systems used to manage building systems such as heating, ventilation, air conditioning, and temperature controls.   Please <a href=https://www.dgs.pa.gov/Materials-Services-Procurement/Procurement-Resources/Pages/ITQ-Documents.aspx target=_new >click here</a> to view a list of ITQ Contracts and related documents.  First, suppliers must register as a PA Supplier and receive a vendor number.  Suppliers will register in the PA Supplier Portal at https://pasupplierportal.state.pa.us/irj/portal/anonymous    Lastly, suppliers are required to create a user profile within our JAGGAER portal to complete qualification requirements.    Please <a href=https://solutions.sciquest.com/apps/Router/SupplierLogin?CustOrg=CommonwealthPA target=_new >click here</a> to go to the portal.  QUALIFICATIONS WILL ONLY BE ACCEPTED ELECTRONICALLY THROUGH JAGGAER.  Technical support is available via Jaggaer at <a href=https://www.jaggaer.com/service-support/supplier-support/ target=_new >JAGGAER Support</a> JAGGAER Support or (800) 233-1121.","All Using Agencies","Statewide",6/5/2026,9/30/2032 3:00:00 PM,9/30/2032 3:01:00 PM,"Open","Stephanie Dunn",6/5/2026 10:31:28 AM
"Doc2186390380","ITQ","International Student Recruitment","The Pennsylvania State System of Higher Education (hereinafter the State System), is seeking 3rd party student recruitment agencies (hereinafter Contractor) to partner with, and recruit prospective international students, to undertake academic programs and/or the English Language Program at one of the ten (10) State System universities or multiple universities.  The Contractors are expected to recruit potential international students over the term of the contract.  The purpose of this Invitation to Qualify (ITQ) is to select a pool of qualified firms and individuals that can provide international student recruitment Services for the State System.   This ITQ will result in multiple participation award contracts.  Successful placement on the award list provides eligible Contractors with the ability to provide the services on an as needed basis. It is not a guarantee that the State System will request the Contractor to provide the services. The State System makes no guarantee as to the number and size of engagements which may be procured under an awarded contract.  Determination regarding which of the multiple awarded contracts will be used is expected to be made on a university-by-university basis based on the option that best suits their needs and offers the best value.  The RFP can be found directly at: https://portal.us.bn.cloud.ariba.com/dashboard/public/appext/comsapsbncdiscoveryui#/RfxEvent/preview/1110012293?anId=ANONYMOUS  If interested in responding to this procurement opportunity, click the RESPOND button above to access the solicitation documents and to log into your account with your existing Ariba Network username and password. If needed, use the Forgot Username and Forgot Password links. If you do not have an account, click the REGISTER NOW button, and follow the instructions.  Suppliers must be registered at the Ariba Network to access the solicitation. Instructions for viewing the solicitation are available here: PASSHE Bid Response Guide (ariba.com). https://support.ariba.com/item/view/198781  Additional supplier information is available at the PASSHE Supplier Information Portal (ariba.com). https://support.ariba.com/item/view/192804 ","PA State Sys of Higher Ed","Multiple",5/7/2026,12/30/2031 1:00:00 PM,12/30/2031 1:30:00 PM,"Open","Carrie Adams",5/7/2026 3:25:44 PM
"DGS C-0509-0040 Phase 1","IFB","Southeast Psychiatric Treatment Center at Norrist","This PROJECT IS A STANDARD LOW BID PROJECT and includes GENERAL, HVAC, PLUMBING AND ELECTRICAL CONSTRUCTION.  ***This procurement is now stayed by Order of Commonwealth Court until further Order of Court.  Disregard the Solicitation Due Date below as this date will be revised by addendum if/when necessary. ***  PROJECT TITLE: Southeast Psychiatric Treatment Center at Norristown State Hospital  ESTIMATED RANGE:   .1A - Site Work – $22,000,000 - $23,000,000 .1B - Structural Steel – $20,000,000 - $21,000,000 .1C – Concrete – $14,000,000 - $15,000,000 .1D - Masonry/Stone – $12,000,000 - $13,000,000 .1E - Exterior Glass/Glazing – $17,000,000 - $18,000,000 .1F - Flooring – $3,000,000 - $4,000,000 .2 - HVAC – $50,000,000 - $51,000,000 .2A - Sheet Metal – $26,000,000 - $27,000,000 .3 - Plumbing – $22,000,000 - $23,000,000 .4 - Electrical – $61,000,000 - $62,000,000 .4A - Site Electrical – $10,000,000 - $11,000,000 .5 - Fire Protection – $6,000,000 - $7,000,000 .6 - Elevator – $2,000,000 - $3,000,000  LIQUIDATED DAMAGES = (.1A) $7,000 per day, (.1B) $7,000 per day, (.1C) $5,000 per day,  (.1D) $5,000 per day, (.1E) $6,000 per day, (.1F) $2,000 per day, (.2) $12,500 per day,  (.2A) $8,000 per day, (.3) $7,000 per day, (.4) $13,000 per day, (.4A) $5,000 per day, (.5) $3,000 per day, (.6) $1,500 per day,  There is no Bid Guaranty required for this Project.  DATE FOR RECEIVING BIDS will be revised by addendum if/when necessary.  The Department of General Services Capital Programs and the Bureau of Diversity, Inclusion and Small Business Opportunities (BDISBO) identified this procurement as eligible for the setting of Small Diverse Business (SDB) and/or Veteran Business Enterprise (VBE) participation goals.  However, BDISBO did not set SDB and/or VBE participation goals for those procurements that are less than the $600,000 threshold required to set either goal.  In addition, there will be no points allocated toward SDB/SB participation for this procurement.  This is a significant programmatic change from the SDB and SB Participation program contained in prior Projects issued by Capital Programs.  Bidders now must agree to meet the SDB and VBE Participation Goals in full or demonstrate that they have made Good Faith Efforts to meet the Goals. Refer to the Instructions to Bidders section regarding Small Diverse Business and Veteran Business Enterprise Participation for further information.  The Goals for each Prime Contract is as follows:                     SDB AND VBE GOALS .1 – General Construction ALL BASE BIDS (#1, #2, #3 & #4)              SDB =  6%    VBE = 3% .1A – Site Work Construction ALL BASE BIDS (#1, #2, #3 & #4)           SDB = 13%    VBE = 3% .1B – Structural Steel Construction ALL BASE BIDS (#1, #2, #3 & #4)    SDB =  9%    VBE = 3% .1C – Concrete Construction ALL BASE BIDS (#1, #2, #3 & #4)            SDB =  9%    VBE = 3% .1D - Masonry/Stone Construction ALL BASE BIDS (#1, #2, #3 & #4)       SDB = 17%    VBE = 3% .1E - Exterior Glass/Glazing Construction ALL BASE BIDS (#1, #2, #3 & #4) SDB =  9%  VBE = 3% .1F - Flooring Construction ALL BASE BIDS (#1, #2, #3 & #4)            SDB =  9%   VBE = 3% .2 - HVAC Construction ALL BASE BIDS (#1, #2, #3 & #4)                 SDB =  9%   VBE = 3% .2A - Sheet Metal Construction ALL BASE BIDS (#1, #2, #3 & #4)         SDB = 10%   VBE = 3% .3 - Plumbing Construction ALL BASE BIDS (#1, #2, #3 & #4)             SDB =  9%   VBE = 3% .4 - Electrical Construction ALL BASE BIDS (#1, #2, #3 & #4)           SDB = 13%   VBE = 3% .4A - Site Electrical Construction ALL BASE BIDS (#1, #2, #3 & #4)     SDB = 13%   VBE = 3% .5 - Fire Protection Construction ALL BASE BIDS (#1, #2, #3 & #4)      SDB =  9%   VBE = 3% .6 - Elevator Construction ALL BASE BIDS (#1, #2, #3 & #4)             SDB = NA    VBE = NA  All proposers must be registered to view/download Plans and Specifications and must have a Current, Active Vendor Number. To register click the following link:   <a href=http://www.pasupplierportal.state.pa.us target=_New>register</a>    All Proposers are required to create a user profile within Trimble Unity Construct.  Please click on discipline below to create a user profile and view the bid package:   <a href= https://gateway.app.e-builder.net/app/bidders/landing?accountid=336a825c-0e5d-433b-835d-4ddd1682e87e&projectid=dcdfc1c4-e74c-4a2c-a30a-7017896ffb5d&bidpackageid=ac467821-70ab-4783-876e-38290fc2f81b target=_New> Site Work Construction </a>   <a href= https://gateway.app.e-builder.net/app/bidders/landing?accountid=336a825c-0e5d-433b-835d-4ddd1682e87e&projectid=dcdfc1c4-e74c-4a2c-a30a-7017896ffb5d&bidpackageid=27ca1b7f-792b-4f74-bf61-85dd30502ce1 target=_New> Structural Steel Construction </a>   <a href= https://gateway.app.e-builder.net/app/bidders/landing?accountid=336a825c-0e5d-433b-835d-4ddd1682e87e&projectid=dcdfc1c4-e74c-4a2c-a30a-7017896ffb5d&bidpackageid=07dfc0d5-fe62-45eb-85b4-0d505c52c964 target=_New> Concrete Construction </a>   <a href= https://gateway.app.e-builder.net/app/bidders/landing?accountid=336a825c-0e5d-433b-835d-4ddd1682e87e&projectid=dcdfc1c4-e74c-4a2c-a30a-7017896ffb5d&bidpackageid=eed5dab3-520a-4595-b38b-d246b4ee0630 target=_New> Masonry/Stone Construction </a>   <a href= https://gateway.app.e-builder.net/app/bidders/landing?accountid=336a825c-0e5d-433b-835d-4ddd1682e87e&projectid=dcdfc1c4-e74c-4a2c-a30a-7017896ffb5d&bidpackageid=61097c5b-086c-4c03-96c9-ffc8994977a0 target=_New> Exterior Glass/Glazing Construction </a>   <a href= https://gateway.app.e-builder.net/app/bidders/landing?accountid=336a825c-0e5d-433b-835d-4ddd1682e87e&projectid=dcdfc1c4-e74c-4a2c-a30a-7017896ffb5d&bidpackageid=9626f879-cdc1-4d03-a123-bd2783b3fc0c target=_New> Flooring Construction </a>   <a href= https://gateway.app.e-builder.net/app/bidders/landing?accountid=336a825c-0e5d-433b-835d-4ddd1682e87e&projectid=dcdfc1c4-e74c-4a2c-a30a-7017896ffb5d&bidpackageid=bef8bedf-7d46-4652-9dbc-5bc666994a89 target=_New> HVAC Construction </a>   <a href= https://gateway.app.e-builder.net/app/bidders/landing?accountid=336a825c-0e5d-433b-835d-4ddd1682e87e&projectid=dcdfc1c4-e74c-4a2c-a30a-7017896ffb5d&bidpackageid=fd2d67d7-5665-42aa-9f95-f257025eef41 target=_New> Sheet Metal Construction </a>   <a href= https://gateway.app.e-builder.net/app/bidders/landing?accountid=336a825c-0e5d-433b-835d-4ddd1682e87e&projectid=dcdfc1c4-e74c-4a2c-a30a-7017896ffb5d&bidpackageid=b5d07aac-a515-442f-8b9b-d8402a0012c7 target=_New> Plumbing Construction </a>   <a href= https://gateway.app.e-builder.net/app/bidders/landing?accountid=336a825c-0e5d-433b-835d-4ddd1682e87e&projectid=dcdfc1c4-e74c-4a2c-a30a-7017896ffb5d&bidpackageid=225b888a-287f-477f-8f18-84056d9055e0 target=_New> Electrical Construction </a>   <a href= https://gateway.app.e-builder.net/app/bidders/landing?accountid=336a825c-0e5d-433b-835d-4ddd1682e87e&projectid=dcdfc1c4-e74c-4a2c-a30a-7017896ffb5d&bidpackageid=f30e84f0-3ab3-49b8-8cbe-1258fc7c52fd target=_New> Site Electrical Construction </a>   <a href= https://gateway.app.e-builder.net/app/bidders/landing?accountid=336a825c-0e5d-433b-835d-4ddd1682e87e&projectid=dcdfc1c4-e74c-4a2c-a30a-7017896ffb5d&bidpackageid=9c875e24-5bf8-45c7-9306-61df7ab72ca1 target=_New> Fire Protection Construction </a>   <a href= https://gateway.app.e-builder.net/app/bidders/landing?accountid=336a825c-0e5d-433b-835d-4ddd1682e87e&projectid=dcdfc1c4-e74c-4a2c-a30a-7017896ffb5d&bidpackageid=1ac95699-1ea0-4fef-a466-610ab8e59810 target=_New> Elevator Construction </a>   ","Department of Human Services "prior DPW"","Montgomery",4/24/2026,12/31/2099 5:00:00 PM,12/31/2099 5:00:00 PM,"Open","Goldie Maddocks",8/18/2026 10:22:30 AM
"DGS C-0509-0040 Phase 1 (RFP)","RFP","Southeast Psychiatric Treatment Center at Norrist","This PROJECT IS A REQUEST FOR PROPOSAL and includes GENERAL CONSTRUCTION.  ***This procurement is now stayed by Order of Commonwealth Court until further Order of Court.  Disregard the Solicitation Due Date below as this date will be revised by addendum if/when necessary. **  PROJECT TITLE: Southeast Psychiatric Treatment Center at Norristown State Hospital.  ESTIMATED RANGE: .1 General – $108,000,000 - $109,000,000   LIQUIDATED DAMAGES = (.1) $15,000.00 per day.  There is no Bid Guaranty required for this Project.  DATE FOR RECEIVING BIDS will be revised by addendum if/when necessary  A PRE-PROPOSAL CONFERENCE has been scheduled for Tuesday, May 12, 2026, at 11:00 A.M., at Norristown State Hospital, Building 33, 1501 Sterigere Street West Norriton PA 19403, West Norriton Township.  All potential proposers are invited and urged to attend this Pre-Proposal Conference.   The Department of General Services Capital Programs and the Bureau of Diversity, Inclusion and Small Business Opportunities (BDISBO) identified this procurement as eligible for the setting of Small Diverse Business (SDB) and/or Veteran Business Enterprise (VBE) participation goals.  In addition, there will be no points allocated toward SDB/SB participation for this procurement.   This is a significant programmatic change from the SDB and SB Participation program contained in prior Projects issued by Capital Programs.  Proposers now must agree to meet the SDB and VBE Participation Goals in full or demonstrate that they have made Good Faith Efforts to meet the Goals. Refer to the Request for Proposals section regarding Small Diverse Business and Veteran Business Enterprise Participation for further information.  The Goals for each Prime Contract is as follows:                     SDB AND VBE GOALS .1 – General Construction ALL BASE BIDS (#1, #2, #3 & #4)             SDB =  6%    VBE = 3% .1A – Site Work Construction ALL BASE BIDS (#1, #2, #3 & #4)          SDB = 13%    VBE = 3% .1B – Structural Steel Construction ALL BASE BIDS (#1, #2, #3 & #4)   SDB =  9%    VBE = 3% .1C – Concrete Construction ALL BASE BIDS (#1, #2, #3 & #4)           SDB =  9%    VBE = 3% .1D - Masonry/Stone Construction ALL BASE BIDS (#1, #2, #3 & #4)      SDB = 17%    VBE = 3% .1E - Exterior Glass/Glazing Construction ALL BASE BIDS (#1, #2, #3 & #4) SDB = 9%   VBE = 3% .1F - Flooring Construction ALL BASE BIDS (#1, #2, #3 & #4)           SDB =  9%   VBE = 3% .2 - HVAC Construction ALL BASE BIDS (#1, #2, #3 & #4)                SDB =  9%   VBE = 3% .2A - Sheet Metal Construction ALL BASE BIDS (#1, #2, #3 & #4)        SDB = 10%   VBE = 3% .3 - Plumbing Construction ALL BASE BIDS (#1, #2, #3 & #4)            SDB =  9%   VBE = 3% .4 - Electrical Construction ALL BASE BIDS (#1, #2, #3 & #4)          SDB = 13%   VBE = 3% .4A - Site Electrical Construction ALL BASE BIDS (#1, #2, #3 & #4)    SDB = 13%   VBE = 3% .5 - Fire Protection Construction ALL BASE BIDS (#1, #2, #3 & #4)     SDB =  9%   VBE = 3% .6 - Elevator Construction ALL BASE BIDS (#1, #2, #3 & #4)            SDB = NA    VBE = NA  All proposers must be registered to view/download Plans and Specifications and must have a Current, Active Vendor Number. To register click the following link:   <a href=http://www.pasupplierportal.state.pa.us target=_New>register</a>    All Proposers are required to create a user profile within Trimble Unity Construct.  Please click on discipline below to create a user profile and view the bid package:   <a href= https://gateway.app.e-builder.net/app/bidders/landing?accountid=336a825c-0e5d-433b-835d-4ddd1682e87e&projectid=dcdfc1c4-e74c-4a2c-a30a-7017896ffb5d&bidpackageid=e22f9b7e-08b9-4946-b499-595aba1f8af6 target=_New>General Construction</a>    Mailed proposals must be received by the Department of General Services in the Lobby of the Arsenal Building, 1800 Herr Street, Harrisburg, PA, prior to the Proposal Submission Deadline Date and Time regardless of method of delivery used.  No proposal shall be considered if it arrives after the Proposal Submission Deadline, regardless of reason for the late arrival.  All envelopes containing proposals must be clearly marked “PROPOSAL” and must include the address of the Proposal Submission location, the assigned contract, the proposer’s name, address, project name, project number and the Proposal Submission Deadline Date and Time.  Mailed proposals include proposals submitted through the United States Postal Service or through an express mail service.  If the prospective proposer chooses the USPS as the method of delivery, please note that the USPS does not deliver directly to the Department of General Services, it is delivered to a processing area.  Therefore, please allow an additional seven (7) calendar days for delivery.  Proposals delivered in person by the proposer or through an authorized representative will be received by the Department of General Services, in the Lobby of the Arsenal Building, 1800 Herr Street, Harrisburg, PA 17125 from individuals presenting picture identification and providing evidence of his/her authorization from the proposer to deliver the proposal on behalf of the proposer, no later than the Proposal Submission Deadline.    To view a list of current potential bidders and bid results go to the link below and scroll down the page and click on “Current Project Bidding Potential Bidders List”: <a href=https://www.dgs.pa.gov/Design-and-Construction/Bidding/Pages/default.aspx#.WFlv4qMo6cw target=_New>Bidding Information</a>  CAPITAL PROGRAMS EMPLOYMENT VERIFICATION ACT:  THE BIDDER MUST COMPLY WITH THE CAPITAL PROGRAMS EMPLOYMENT VERIFICATION ACT 127 OF 2012 BY SUBMITTING TO THE DEPARTMENT A COMMONWEALTH CAPITAL PROGRAMS VERIFICATION FORM (“FORM”) PRIOR TO THE AWARD OF THE CONTRACT.  EXECUTIVE ORDER 2021-06, WORKER PROTECTION AND INVESTMENT (OCTOBER 21, 2021): THE COMMONWEALTH IS RESPONSIBLE FOR ENSURING THAT EVERY PENNSYLVANIA WORKER HAS A SAFE AND HEALTHY WORK ENVIRONMENT AND THE PROTECTIONS AFFORDED THEM THROUGH LABOR LAWS.  THE BIDDER MUST CERTIFY THAT THEY ARE IN COMPLIANCE WITH ALL APPLICABLE PENNSYLVANIA STATE LABOR AND WORKFORCE SAFETY LAWS BY SUBMITTING TO THE DEPARTMENT A WORKER PROTECTION AND INVESTMENT CERTIFICATION FORM WITH THEIR BID OR PRIOR TO THE AWARD OF THE CONTRACT.  NO ENTITY SHALL POST ANY OF THE DEPARTMENT’S INVITATION TO BID DOCUMENTS TO ANY SOCIAL MEDIA PLATFORM (e.g., YouTube, Facebook, Google, Twitter, Instagram, etc.) OR OTHER WEB SITE BASED PLATFORMS OPEN TO THE PUBLIC.","Department of Human Services "prior DPW"","Montgomery",4/24/2026,12/31/2099 5:00:00 PM,12/31/2099 5:00:00 PM,"Open","Susan Stanisic",8/18/2026 10:25:09 AM
"DGS C-1050-0001 Phase 1  Revised Rebid","RFP","Pennsylvania Joint Laboratory Facility","This PROJECT IS A REVISED REBID REQUEST FOR PROPOSAL and includes GENERAL, HVAC, PLUMBING, ELECTRICAL, AND FIRE PROTECTION CONSTRUCTION.  ***This procurement is now stayed by Order of Commonwealth Court until further Order of Court.  Disregard the Solicitation Due Date below as this date will be revised by addendum if/when necessary. ***  PROJECT TITLE: 1050-0001 Phase 1 Revised Rebid - Pennsylvania Joint Laboratory Facility  ESTIMATED RANGE: .1 General – $118,000,000 - $119,000,000; .1A Site Work- $19,000,000 - $20,000,000; .1B Interiors- $3,000,000 - $4,000,000; .2 HVAC – $42,000,000 - $43,000,000; .2A Sheet Metal - $18,000,000 - $19,000,000; .3 Plumbing - $24,000,000 - $25,000,000; .4 Electrical – $45,000,000 - $46,000,000; .4A Site Electrical - $9,000,000 - $10,000,000;  & .5 Fire Protection - $3,000,000 - $4,000,000  LIQUIDATED DAMAGES = .1 General Construction - $15,000.00 per day; .1A Site Work - $6,000 per day; .1B Interiors - $2,000 per day; .2 HVAC - $11,000.00 per day; .2A Sheet Metal - $6,000 per day; .3 Plumbing - $7,000.00 per day; .4 Electrical - $12,000.00 per day; .4A Site Electrical - $4,000 per day; & .5 Fire Protection - $2,000 per day.  There is no Bid Guaranty required for this Project.  DATE FOR RECEIVING PROPOSALS IS TO BE DETERMINED.  A PRE-PROPOSAL CONFERENCE has been scheduled for Tuesday, May 12, 2026, at 1:00 P.M., at the Arsenal Building, 1800 Herr Street, Harrisburg, PA 17125.  All potential proposers are invited and urged to attend this Pre-Proposal Conference.   The Department of General Services Capital Programs and the Bureau of Diversity, Inclusion and Small Business Opportunities (BDISBO) identified this procurement as eligible for the setting of Small Diverse Business (SDB) and/or Veteran Business Enterprise (VBE) participation goals.  In addition, there will be no points allocated toward SDB/SB participation for this procurement.   This is a significant programmatic change from the SDB and SB Participation program contained in prior Projects issued by Capital Programs.  Proposers now must agree to meet the SDB and VBE Participation Goals in full or demonstrate that they have made Good Faith Efforts to meet the Goals. Refer to the Request for Proposals section regarding Small Diverse Business and Veteran Business Enterprise Participation for further information.  The Goals for each Prime Contract is as follows:  SDB AND VBE GOALS .1 General Construction – ALL BASE BIDS (#1)         SDB = 18%     VBE = 3% .1A Site Work – ALL BASE BIDS (#1)		     SDB = 16%     VBE = 3% .1B Interiors – ALL BASE BIDS (#1)		     SDB = 18%     VBE = 3% .2 HVAC Construction – ALL BASE BIDS (#1)            SDB = 11%     VBE = 3% .2A Sheet Metal – ALL BASE BIDS (#1)		     SDB = 10%     VBE = 3% .3 Plumbing Construction – ALL BASE BIDS (#1)        SDB = 15%     VBE = 3% .4 Electrical Construction - ALL BASE BIDS (#1)      SDB = 18%     VBE = 3% .4A Site Electrical – ALL BASE BIDS (#1)	     SDB = 16%     VBE = 3% .5 Fire Protection – ALL BASE BIDS (#1)		     SDB = 16%     VBE = 3%  All proposers must be registered to view/download Plans and Specifications and must have a Current, Active Vendor Number. To register click the following link:   <a href=http://www.pasupplierportal.state.pa.us target=_New>register</a>    All Proposers are required to create a user profile within Trimble Unity Construct.  Please click on discipline below to create a user profile and view the bid package:   <a href= https://gateway.app.e-builder.net/app/bidders/landing?accountid=336a825c-0e5d-433b-835d-4ddd1682e87e&projectid=f87d9688-74af-4444-ae66-58a11bba4131&bidpackageid=c529e2ca-88b0-49b8-88e7-3a5ffcac379d target=_New>1 General Construction</a> <a href= https://gateway.app.e-builder.net/app/bidders/landing?accountid=336a825c-0e5d-433b-835d-4ddd1682e87e&projectid=f87d9688-74af-4444-ae66-58a11bba4131&bidpackageid=7c0010a4-432a-47f5-9a2d-23b82f58e64e target=_New>1A Site Work</a>   <a href= https://gateway.app.e-builder.net/app/bidders/landing?accountid=336a825c-0e5d-433b-835d-4ddd1682e87e&projectid=f87d9688-74af-4444-ae66-58a11bba4131&bidpackageid=1dd61cc4-2316-4064-920a-ee3a94f81790 target=_New>1B Interiors</a>   <a href= https://gateway.app.e-builder.net/app/bidders/landing?accountid=336a825c-0e5d-433b-835d-4ddd1682e87e&projectid=f87d9688-74af-4444-ae66-58a11bba4131&bidpackageid=21e2e1bc-a61d-421d-80c9-74353e6b3d4d target=_New>2 HVAC Construction</a>   <a href= https://gateway.app.e-builder.net/app/bidders/landing?accountid=336a825c-0e5d-433b-835d-4ddd1682e87e&projectid=f87d9688-74af-4444-ae66-58a11bba4131&bidpackageid=b085210a-e995-454c-a59f-6f0328abe66d target=_New>2A Sheet Metal</a>   <a href= https://gateway.app.e-builder.net/app/bidders/landing?accountid=336a825c-0e5d-433b-835d-4ddd1682e87e&projectid=f87d9688-74af-4444-ae66-58a11bba4131&bidpackageid=4218d392-985b-4300-a816-d4eaf07b372a target=_New>3 Plumbing Construction</a> <a href= https://gateway.app.e-builder.net/app/bidders/landing?accountid=336a825c-0e5d-433b-835d-4ddd1682e87e&projectid=f87d9688-74af-4444-ae66-58a11bba4131&bidpackageid=79787ac1-fbeb-4413-913f-60ce135020a4 target=_New>4 Electrical Construction</a>   <a href= https://gateway.app.e-builder.net/app/bidders/landing?accountid=336a825c-0e5d-433b-835d-4ddd1682e87e&projectid=f87d9688-74af-4444-ae66-58a11bba4131&bidpackageid=f9e87e80-3581-40c7-8550-775447151d3a target=_New>4A Site Electrical</a>   <a href= https://gateway.app.e-builder.net/app/bidders/landing?accountid=336a825c-0e5d-433b-835d-4ddd1682e87e&projectid=f87d9688-74af-4444-ae66-58a11bba4131&bidpackageid=88e13358-862f-438c-a9a0-7e712f3f8344 target=_New>5 Fire Protection</a>    Mailed proposals must be received by the Department of General Services in the Lobby of the Arsenal Building, 1800 Herr Street, Harrisburg, PA, 17125 prior to the Proposal Submission Deadline Date and Time regardless of method of delivery used.  No proposal shall be considered if it arrives after the Proposal Submission Deadline, regardless of reason for the late arrival.  All envelopes containing proposals must be clearly marked “PROPOSAL” and must include the address of the Proposal Submission location, the assigned contract, the proposer’s name, address, project name, project number and the Proposal Submission Deadline Date and Time.  Mailed proposals include proposals submitted through the United States Postal Service or through an express mail service.  If the prospective proposer chooses the USPS as the method of delivery, please note that the USPS does not deliver directly to the Department of General Services, it is delivered to a processing area.  Therefore, please allow an additional seven (7) calendar days for delivery.  Proposals delivered in person by the proposer or through an authorized representative will be received by the Department of General Services, in the Lobby of the Arsenal Building, 1800 Herr Street, Harrisburg, PA 17125 from individuals presenting picture identification and providing evidence of his/her authorization from the proposer to deliver the proposal on behalf of the proposer, no later than the Proposal Submission Deadline.    To view a list of current potential bidders and bid results go to the link below and scroll down the page and click on “Current Project Bidding Potential Bidders List”: <a href=https://www.dgs.pa.gov/Design-and-Construction/Bidding/Pages/default.aspx#.WFlv4qMo6cw target=_New>Bidding Information</a>  CAPITAL PROGRAMS EMPLOYMENT VERIFICATION ACT:  THE BIDDER MUST COMPLY WITH THE CAPITAL PROGRAMS EMPLOYMENT VERIFICATION ACT 127 OF 2012 BY SUBMITTING TO THE DEPARTMENT A COMMONWEALTH CAPITAL PROGRAMS VERIFICATION FORM (“FORM”) PRIOR TO THE AWARD OF THE CONTRACT. ","Department of Health","Dauphin",4/24/2026,12/25/2099 2:00:00 PM,12/25/2099 2:00:00 PM,"Open","Susan Stanisic",5/27/2026 9:11:28 AM
"6100065914","RFI","Midsize Business (MDB) Program","The Commonwealth of Pennsylvania (Commonwealth) issues this Request for Information (RFI) to solicit feedback and capability information from Pennsylvania-based businesses that may be interested in participating in the Commonwealth’s Midsize Business (MDB) Program. Specifically, this request seeks information from which the Commonwealth can better understand supplier availability, capabilities, and capacity within targeted industry categories where MDB participation is currently limited. The Commonwealth desires to expand the pool of certified MDB firms to increase opportunities to reserve solicitations for midsize Pennsylvania businesses. This RFI is an earnest attempt to identify and engage qualified suppliers and encourage them to complete the self-registration process that is required to participate in the MDB Program. We invite you to participate in this market research effort, which is not tied to any current procurement opportunity. As part of this process, we welcome the submission of a one-page capability statement in your areas of interest. These materials will help us better understand available capabilities and may inform future procurement opportunities where the MDB program could be considered.","Department of General Services","Statewide",4/23/2026,12/31/2027 1:00:00 PM,12/31/2027 1:00:00 PM,"Open","BISD BISD",4/23/2026 11:59:32 AM
"440003201","ITQ","Soap Products and Accessories ITQ","The Department of General Services (DGS) is soliciting Contractors to submit qualifications for to provie soap making materials and accessories. These materials are used by the Pennsylvania Department of Corrections, Pennsylvania Correctional Industries (PCI) to facilitate their soap manufacturing process. Those Contractors that meet the qualifications will be awarded a contract and will be eligible to respond to Request for Quotes (RFQ) for specified materials.  Please <a href=https://www.dgs.pa.gov/Materials-Services-Procurement/Procurement-Resources/Pages/ITQ-Documents.aspx target=_new >click here</a> to view a list of ITQ Contracts and related documents.  First, suppliers must register as a PA Supplier and receive a vendor number.  Suppliers will register in the PA Supplier Portal at https://pasupplierportal.state.pa.us/irj/portal/anonymous    Lastly, suppliers are required to create a user profile within our JAGGAER portal to complete qualification requirements.    Please <a href=https://solutions.sciquest.com/apps/Router/SupplierLogin?CustOrg=CommonwealthPA target=_new >click here</a> to go to the portal.  QUALIFICATIONS WILL ONLY BE ACCEPTED ELECTRONICALLY THROUGH JAGGAER.  Technical support is available via Jaggaer at <a href=https://www.jaggaer.com/service-support/supplier-support/ target=_new >JAGGAER Support</a> JAGGAER Support or (800) 233-1121.","Department of Corrections","Huntingdon",3/30/2026,2/28/2031 3:00:00 PM,2/28/2031 3:01:00 PM,"Open","Jason Collett",4/3/2026 11:28:11 AM
"4400034012","ITQ","Print ITQ","The purpose of the Printed Materials ITQ is to qualify responsible and responsive suppliers to perform printing services/materials to Commonwealth of Pennsylvania’s agencies. All Commonwealth of Pennsylvania agencies are eligible to utilize this ITQ.   Please visit https://www.pa.gov/agencies/dgs/submit-proposals-and-bids-for-commonwealth-projects/itq-documents to view a list of ITQ Contracts and related documents.   First, suppliers must register as a Procurement Vendor with the Commonwealth of Pennsylvania and receive a six-digit vendor number. Suppliers will register in the PA Supplier Portal at https://pasupplierportal.state.pa.us/irj/portal/anonymous.   Lastly, suppliers are required to create a user profile within our PA JAGGAER Portal to complete qualification requirements.   Please visit https://solutions.sciquest.com/apps/Router/SupplierLogin?CustOrg=CommonwealthPA to go to the PA JAGGAER Portal.   QUALIFICATIONS WILL ONLY BE ACCEPTED ELECTRONICALLY THROUGH JAGGAER.   Technical support is available via Jaggaer at https://www.jaggaer.com/supplier-support or (800) 233 - 1121","Department of General Services","Statewide",3/13/2026,9/30/2031 1:30:00 PM,9/30/2031 1:31:00 PM,"Open","Dan Covell",3/13/2026 11:52:20 AM
"4400033546","ITQ","Seed and Fertilizer Products ITQ","The Department of General Services (DGS) is soliciting Suppliers to submit qualifications for a statewide Seed and Fertilizer Products Invitation to Qualify (ITQ).  Suppliers that meet the qualifications will be awarded a contract and may be eligible to respond to a Request for Quotes (RFQ).  First, if they have not already done so, Suppliers should be registered as a PA Supplier and receive a supplier number.  Suppliers can register at: https://pasupplierportal.state.pa.us/irj/portal/anonymous  Suppliers are also required to create a user profile within our JAGGAER portal, if they have not already done so, and select one of the following Commodity Codes: 10151700 - Wildlife Habitat Seed Products; 10151600 - Crop Farming Seed Products; or 10170000 Fertilizer and Lime Products  A complete list of ITQ solicitations can be found at:  https://www.dgs.pa.gov/Materials-Services-Procurement/Procurement-Resources/Pages/ITQ-Documents.aspx  All Offerors are required to create a user profile within our JAGGAER portal:  https://solutions.sciquest.com/apps/Router/SupplierLogin?CustOrg=CommonwealthPA  QUALIFICATIONS WILL ONLY BE ACCEPTED ELECTRONICALLY THROUGH JAGGAER.  Technical support is available via Jaggaer at JAGGAER Support (800) 233-1121 or https://www.jaggaer.com/service-support/supplier-support/.. ","All Using Agencies","Statewide",3/5/2026,2/28/2031 4:00:00 PM,2/28/2031 4:00:00 PM,"Open","Joslyn Thomas",3/6/2026 1:34:43 PM
"4400032873","ITQ","Purchase of Leased/Rented Used Vehicles ITQ","The purpose of this for the Purchase of Used Rental/Lease Vehicles ITQ is to qualify responsible and responsive Contractors to be able to sell used rental and lease sedans, SUV’s, light duty and medium duty pickup trucks, cargo and passenger vans, and box trucks to the Commonwealth of Pennsylvania (“Agencies”) when it is financially advantageous in lieu of new vehicle purchases.  Please <a href=https://bids.sciquest.com/apps/Router/PublicEvent?CustomerOrg=CommonwealthPA target=_new >click here</a> to view a list of ITQ Contracts and related documents.    First, suppliers must register as a Procurement Vendor with the Commonwealth of Pennsylvania and receive a six-digit vendor number.  All Offerors are required to create a user profile within our JAGGAER portal.   PROPOSALS WILL ONLY BE ACCEPTED ELECTRONICALLY THROUGH JAGGAER.   Please <a href=https://solutions.sciquest.com/apps/Router/SupplierLogin?CustOrg=CommonwealthPA target=_new >click here</a> to go to JAGGAER.  Technical support is available via Jaggaer at <a href=https://www.jaggaer.com/service-support/supplier-support/ target=_new >JAGGAER Support</a> JAGGAER Support or (800) 233-1121","Department of General Services","Statewide",3/1/2026,2/28/2031 1:30:00 PM,2/28/2031 1:31:00 PM,"Open","Char Riley",8/26/2025 12:00:23 PM
"6100065144","IFB","SPEED Act - Permit Type: Storage Tanks","The Department of Environmental Protection (DEP) is seeking to engage Qualified Professionals to review permits on an expedited basis as part of the SPEED Program, established in Article XVIII, §§1803-1805 of Act No. 54 of 2024 (SPEED Act), as amended.  The Streamlining Permits for Economic Expansion & Development (SPEED) Program provides third-party applicants with the opportunity to engage a Qualified Professional to conduct an expedited review of their permit application. Applicants must specifically request that DEP engage a Qualified Professional to conduct an expedited review of their permit application. Upon such request, DEP will engage the Qualified Professional via a Project Work Order.  Bidders may be individuals or business entities with one or more employees that meet the criteria set forth below to be considered a Qualified Professional for the SPEED Program. All work must be completed in accordance with the requirements set forth in this Scope of Work and its attachments and pursuant to the Contract Terms and Conditions and any other procedures required by DEP for the performance of the Services.  All Bids must be submitted electronically via email to the following email account: RA-EPSPEED@pa.gov. The subject line of your submission must clearly state the title of this IFB. If you are responding to multiple IFB’s related to the SPEED Program, you must submit a separate email for each one.  Questions regarding bidding procedures should be directed to Brian Franklin, phone: 717.787.2471, email: brfranklin@pa.gov.","Department of Environmental Protection","Statewide",2/11/2026,12/31/2026 5:00:00 PM,12/31/2026 5:05:00 PM,"Open","Brian Franklin",7/31/2026 2:55:51 PM
"6100065145","IFB","SPEED Act - Permit Type: Mining Gen 103","The Department of Environmental Protection (DEP) is seeking to engage Qualified Professionals to review permits on an expedited basis as part of the SPEED Program, established in Article XVIII, §§1803-1805 of Act No. 54 of 2024 (SPEED Act), as amended.  The Streamlining Permits for Economic Expansion & Development (SPEED) Program provides third-party applicants with the opportunity to engage a Qualified Professional to conduct an expedited review of their permit application. Applicants must specifically request that DEP engage a Qualified Professional to conduct an expedited review of their permit application. Upon such request, DEP will engage the Qualified Professional via a Project Work Order.  Bidders may be individuals or business entities with one or more employees that meet the criteria set forth below to be considered a Qualified Professional for the SPEED Program. All work must be completed in accordance with the requirements set forth in this Scope of Work and its attachments and pursuant to the Contract Terms and Conditions and any other procedures required by DEP for the performance of the Services.  All Bids must be submitted electronically via email to the following email account: RA-EPSPEED@pa.gov. The subject line of your submission must clearly state the title of this IFB. If you are responding to multiple IFB’s related to the SPEED Program, you must submit a separate email for each one.  Questions regarding bidding procedures should be directed to Brian Franklin, phone: 717.787.2471, email: brfranklin@pa.gov.","Department of Environmental Protection","Statewide",2/11/2026,12/31/2026 5:00:00 PM,12/31/2026 5:05:00 PM,"Open","Brian Franklin",7/31/2026 2:57:22 PM
"6100065146","IFB","SPEED Act - Permit Type: CAFO","The Department of Environmental Protection (DEP) is seeking to engage Qualified Professionals to review permits on an expedited basis as part of the SPEED Program, established in Article XVIII, §§1803-1805 of Act No. 54 of 2024 (SPEED Act), as amended.  The Streamlining Permits for Economic Expansion & Development (SPEED) Program provides third-party applicants with the opportunity to engage a Qualified Professional to conduct an expedited review of their permit application. Applicants must specifically request that DEP engage a Qualified Professional to conduct an expedited review of their permit application. Upon such request, DEP will engage the Qualified Professional via a Project Work Order.  Bidders may be individuals or business entities with one or more employees that meet the criteria set forth below to be considered a Qualified Professional for the SPEED Program. All work must be completed in accordance with the requirements set forth in this Scope of Work and its attachments and pursuant to the Contract Terms and Conditions and any other procedures required by DEP for the performance of the Services.  All Bids must be submitted electronically via email to the following email account: RA-EPSPEED@pa.gov. The subject line of your submission must clearly state the title of this IFB. If you are responding to multiple IFB’s related to the SPEED Program, you must submit a separate email for each one.  Questions regarding bidding procedures should be directed to Brian Franklin, phone: 717.787.2471, email: brfranklin@pa.gov.","Department of Environmental Protection","Statewide",2/11/2026,12/31/2026 5:00:00 PM,12/31/2026 5:05:00 PM,"Open","Brian Franklin",7/31/2026 2:58:50 PM
"4400031933","ITQ","Per Diem Nursing ITQ","The purpose of the Per Diem Nursing ITQ is to qualify responsible and responsive Contractors to perform short term (no more than 90 days), per diem, direct care Registered Nurse (RN), Licensed Practical Nurse (LPN), and Certified Nursing Assistant services (CNA) to the Commonwealth of Pennsylvania’s  The purchase of hardware, software are NOT PERMITTED under this contract.  Please <a href=https://www.dgs.pa.gov/Materials-Services-Procurement/Procurement-Resources/Pages/ITQ-Documents.aspx target=blank>click here</a> to view a list of ITQ Contracts and related documents.  First, suppliers must register as a Procurement Vendor with the Commonwealth of Pennsylvania and receive a six-digit vendor number. Suppliers will register in the PA Supplier Portal at <a href=https://pasupplierportal.state.pa.us/irj/portal/anonymous target=Blank>click here</a>.  Lastly, suppliers are required to create a user profile within our PA JAGGAER Portal to complete qualification requirements.  Please <a href=https://solutions.sciquest.com/apps/Router/SupplierLogin?CustOrg=CommonwealthPA target=blank>click here</a> to go to the PA JAGGAER Portal.  QUALIFICATIONS WILL ONLY BE ACCEPTED ELECTRONICALLY THROUGH JAGGAER.  Technical support is available via Jaggaer at <a href=https://www.jaggaer.com/service-support/supplier-support/ target=blank>JAGGAER Support</a> or (800) 233-1121","Department of General Services","Statewide",2/1/2026,1/31/2031 9:00:00 AM,1/31/2031 9:01:00 AM,"Open","Peggy Trevenen",5/22/2025 3:08:02 PM
"4400033801","ITQ","Compulsive Problem Gambling Treatment Services","The purpose of the Compulsive Problem Gambling Treatment and Intervention Services ITQ is to qualify responsible and responsive service providers to provide compulsive problem gambling treatment and intervention services to residents of the Commonwealth of Pennsylvania.  First, suppliers must register as a PA Supplier and receive a vendor number.  Suppliers will register in the PA Supplier Portal at https://pasupplierportal.state.pa.us/irj/portal/anonymous   Lastly, suppliers are required to create a user profile within our JAGGAER portal to complete qualification requirements.   Please click here (https://solutions.sciquest.com/apps/Router/SupplierLogin?CustOrg=CommonwealthPA) to go to the portal.  QUALIFICATIONS WILL ONLY BE ACCEPTED ELECTRONICALLY THROUGH JAGGAER.  Technical support is available for Jaggaer at JAGGAER Supplier Support 1-800-233-1121 (option 2).","Department of Drug and Alcohol Programs","Statewide",2/1/2026,1/31/2036,1/31/2036,"Open","Jenny Badman",7/27/2026 9:48:03 AM
"4400033770","ITQ","OAG Environmental Crimes ITQ","The Office of Attorney General (OAG) is soliciting Contractors to submit qualifications for the statewide Environmental Crimes Invitation to Qualify (ITQ).  Those Contractors that meet the qualifications will be awarded a contract and will be eligible to respond to Request for Quotes (RFQ) to perform a variety of specialized services related to environmental investigations occurring in all counties in Pennsylvania for the OAG.  To view documents and instructions on how to qualify please visit the OAG procurement website at:  https://www.attorneygeneral.gov/procurement/.    This ITQ includes the following UNSPSC Commodity Codes:  COMMODITY CODE 41116116 - Environmental test kits or supplies 41116117 - Environmental reagents or solutions or stains 41114302 - Logging instruments for water wells 72141500 - Land Preparation Services 77101505 - Environmental monitoring 77101900 - Pollution investigation services 77120000 -Pollution tracking and monitoring and rehabilitation 77121504 - Air pollution monitoring or measurement services 77121606 - Soil pollution measurement or monitoring 77121701 - Surface water pollution monitoring or control services 77121707 - Groundwater pollution monitoring or control services 77140000 - Environmental laboratory services","Office of Attorney General","Statewide",1/23/2026,12/31/9999,12/31/9999,"Open","Alecia Peddigree",1/24/2026 11:00:45 AM
"4400033192","ITQ","Custom & Modular Display Systems, Accessories & Se","The Department of General Services (DGS) is soliciting Contractors to submit qualifications for the statewide Custom & Modular Display Systems, Accessories & Services Invitation to Qualify (ITQ) Contract.  Those Contractors that meet the qualifications will be awarded a contract and will be eligible to respond to Requests for Quotes (RFQ) for Custom & Modular Display Systems, Accessories & Services for Commonwealth agencies.  Please <a href=https://www.dgs.pa.gov/Materials-Services-Procurement/Procurement-Resources/Pages/ITQ-Documents.aspx target=_new >click here</a> to view a list of ITQ Contracts and related documents.  First, suppliers must register as a PA Supplier and receive a vendor number.  Suppliers will register in the PA Supplier Portal at https://pasupplierportal.state.pa.us/irj/portal/anonymous    Lastly, suppliers are required to create a user profile within our JAGGAER portal to complete qualification requirements.    Please <a href=https://solutions.sciquest.com/apps/Router/SupplierLogin?CustOrg=CommonwealthPA target=_new >click here</a> to go to the portal.  QUALIFICATIONS WILL ONLY BE ACCEPTED ELECTRONICALLY THROUGH JAGGAER.  Technical support is available via Jaggaer at <a href=https://www.jaggaer.com/service-support/supplier-support/ target=_new >JAGGAER Support</a> JAGGAER Support or (800) 233-1121.","All Using Agencies","Statewide",1/22/2026,1/31/2031 3:00:00 PM,1/31/2031 3:01:00 PM,"Open","Jason Collett",1/22/2026 2:55:01 PM
"4400032124","ITQ","Language Services ITQ","The purpose of the Language Services ITQ is to qualify responsible and responsive Contractors to perform interpretation and translation services/materials to Commonwealth of Pennsylvania’s executive agencies. In addition, Local Public Procurement Units, as defined by the Commonwealth Procurement Code, may use this contract in accordance with the COSTARS Provision contained in this document.   The purchase of hardware, software, and staff augmentation services are NOT PERMITTED under this contract.   Please <a href=https://www.dgs.pa.gov/Materials-Services-Procurement/Procurement-Resources/Pages/ITQ-Documents.aspx target=blank>click here</a>  to view a list of ITQ Contracts and related documents.   First, suppliers must register as a Procurement Vendor with the Commonwealth of Pennsylvania and receive a six-digit vendor number. Suppliers will register in the PA Supplier Portal at <a href=https://pasupplierportal.state.pa.us/irj/portal/anonymous target=Blank>click here</a>.   Lastly, suppliers are required to create a user profile within our PA JAGGAER Portal to complete qualification requirements.   Please <a href=https://solutions.sciquest.com/apps/Router/SupplierLogin?CustOrg=CommonwealthPA target=blank>click here</a> to go to the PA JAGGAER Portal.   QUALIFICATIONS WILL ONLY BE ACCEPTED ELECTRONICALLY THROUGH JAGGAER.   Technical support is available via Jaggaer at <a href=https://www.jaggaer.com/service-support/supplier-support/ target=blank>JAGGAER Support</a> or (800) 233-1121","Department of General Services","Statewide",1/1/2026,12/31/2031 9:00:00 AM,12/31/2031 9:01:00 AM,"Open","Celeste Mazza",7/16/2025 3:46:12 PM
"4400032957","ITQ","Security, Surveillance, Fire System","The Department of General Services (DGS) is soliciting Contractors to submit qualifications for the statewide Security, Surveillance, Fire System Maintenance ITQ Invitation to Qualify (ITQ) Contract. Those Contractors that meet the qualifications will be awarded a contract and will be eligible to respond to Requests for Quotes (RFQ) for Security, Surveillance, Fire System Maintenance ITQ Services for Commonwealth agencies.    Please <a href=https://www.dgs.pa.gov/Materials-Services-Procurement/Procurement-Resources/Pages/ITQ-Documents.aspx target=_new >click here</a> to view a list of ITQ Contracts and related documents.    First, suppliers must register as a PA Supplier and receive a vendor number. Suppliers will register in the PA Supplier Portal at https://pasupplierportal.state.pa.us/irj/portal/anonymous   Lastly, suppliers are required to create a user profile within our JAGGAER portal to complete qualification requirements.   Please <a href=https://solutions.sciquest.com/apps/Router/SupplierLogin?CustOrg=CommonwealthPA target=_new >click here</a> to go to the portal.    QUALIFICATIONS WILL ONLY BE ACCEPTED ELECTRONICALLY THROUGH JAGGAER.    Technical support is available via Jaggaer at <a href=https://www.jaggaer.com/service-support/supplier-support/ target=_new >JAGGAER Support</a> JAGGAER Support or (800) 233-1121.","All Using Agencies","Statewide",11/4/2025,2/28/2031 3:00:00 PM,2/28/2031 3:01:00 PM,"Open","Stephanie Dunn",11/5/2025 10:44:40 AM
"4400032890","ITQ","Aggregate & Anti-skid ITQ","The Department of General Services (DGS) is soliciting Suppliers to submit qualifications for a statewide Aggregate & Anti-skid Invitation to Qualify (ITQ).  Suppliers that meet the qualifications will be awarded a contract and may be eligible to respond to a Request for Quotes (RFQ).  First, if they have not already done so, Suppliers should be registered as a PA Supplier and receive a supplier number.  Suppliers can register at: https://pasupplierportal.state.pa.us/irj/portal/anonymous  Suppliers are also required to create a user profile within our JAGGAER portal, if they have not already done so, and select one of the following Commodity Codes: 30110000-ITQ-557 (Aggregate Materials), 46160000-ITQ-558 (Anti-Skid Materials), and/or 30111800-ITQ-559 (DSA Materials).  A complete list of ITQ solicitations can be found at:  https://www.dgs.pa.gov/Materials-Services-Procurement/Procurement-Resources/Pages/ITQ-Documents.aspx  All Offerors are required to create a user profile within our JAGGAER portal:  https://solutions.sciquest.com/apps/Router/SupplierLogin?CustOrg=CommonwealthPA  QUALIFICATIONS WILL ONLY BE ACCEPTED ELECTRONICALLY THROUGH JAGGAER.  Technical support is available via Jaggaer at JAGGAER Support (800) 233-1121 or https://www.jaggaer.com/service-support/supplier-support/.. ","All Using Agencies","Statewide",10/7/2025,12/31/2030 4:00:00 PM,12/31/2030 4:00:00 PM,"Open","John Jones",10/28/2025 3:35:46 PM
"4400031205B","ITQ","Energy Supply and Management Services","The purpose of the Energy Supply and Management Services ITQ is to qualify responsible and responsive Contractors to provide various energy supply and energy management services to the Commonwealth of Pennsylvania. In addition, Local Public Procurement Units, as defined by the Commonwealth Procurement Code, may use this contract in accordance with the COSTARS Provision contained in this document.   Please <a href=https://www.dgs.pa.gov/Materials-Services-Procurement/Procurement-Resources/Pages/ITQ-Documents.aspx target=blank>click here</a> to view a list of ITQ Contracts and related documents. Search for “Energy Supply and Management Services, 4400031205” specifically. If you are already registered as a Supplier on the existing Energy ITQ you can simply use your current registration and update it for our new Energy Commodity Codes. Please do not create a second account.   First, suppliers must register as a Procurement Vendor with the Commonwealth of Pennsylvania and receive a six-digit PA vendor number if never having done business with the Commonwealth previously. Suppliers will register in the PA Supplier Portal at <a href=https://pasupplierportal.state.pa.us/irj/portal/anonymous target=Blank>click here</a>.    Lastly, suppliers are required to create a user profile within our PA JAGGAER Portal to complete qualification requirements. Please <a href=https://solutions.sciquest.com/apps/Router/SupplierLogin?CustOrg=CommonwealthPA target=blank>click here</a> to go to the PA JAGGAER Portal.   QUALIFICATIONS WILL ONLY BE ACCEPTED ELECTRONICALLY THROUGH JAGGAER.   Technical support is available via Jaggaer at <a href=https://www.jaggaer.com/service-support/supplier-support/ target=blank>JAGGAER Support</a> or (800) 233-1121.","Department of General Services","Statewide",7/1/2025,6/30/2030 11:59:00 PM,6/30/2030 11:59:00 PM,"Open","Keith Worley",5/9/2025 9:05:52 AM
"4400031341","ITQ","Catering Services ITQ","The Department of General Services (DGS) is soliciting Contractors to submit qualifications for the statewide Moving and Storage Services Invitation to Qualify (ITQ) Contract.  Those Contractors that meet the qualifications will be awarded a contract and will be eligible to respond to Requests for Quotes (RFQ) for Moving and Storage Services for Commonwealth agencies.  Please <a href=https://www.dgs.pa.gov/Materials-Services-Procurement/Procurement-Resources/Pages/ITQ-Documents.aspx target=_new >click here</a> to view a list of ITQ Contracts and related documents.  First, suppliers must register as a PA Supplier and receive a vendor number.  Suppliers will register in the PA Supplier Portal at https://pasupplierportal.state.pa.us/irj/portal/anonymous    Lastly, suppliers are required to create a user profile within our JAGGAER portal to complete qualification requirements.    Please <a href=https://solutions.sciquest.com/apps/Router/SupplierLogin?CustOrg=CommonwealthPA target=_new >click here</a> to go to the portal.  QUALIFICATIONS WILL ONLY BE ACCEPTED ELECTRONICALLY THROUGH JAGGAER.  Technical support is available via Jaggaer at <a href=https://www.jaggaer.com/service-support/supplier-support/ target=_new >JAGGAER Support</a> JAGGAER Support or (800) 233-1121.","All Using Agencies","Statewide",6/4/2025,6/4/2030 3:00:00 PM,6/4/2030 3:01:00 PM,"Open","Jason Collett",6/4/2025 2:25:39 PM
"4400030948","ITQ","Moving and Storage Services","The Department of General Services (DGS) is soliciting Contractors to submit qualifications for the statewide Moving and Storage Services Invitation to Qualify (ITQ) Contract.  Those Contractors that meet the qualifications will be awarded a contract and will be eligible to respond to Requests for Quotes (RFQ) for Moving and Storage Services for Commonwealth agencies.   Please <a href=https://www.dgs.pa.gov/Materials-Services-Procurement/Procurement-Resources/Pages/ITQ-Documents.aspx target=_new >click here</a> to view a list of ITQ Contracts and related documents.  First, suppliers must register as a PA Supplier and receive a vendor number.  Suppliers will register in the PA Supplier Portal at https://pasupplierportal.state.pa.us/irj/portal/anonymous    Lastly, suppliers are required to create a user profile within our JAGGAER portal to complete qualification requirements.    Please <a href=https://solutions.sciquest.com/apps/Router/SupplierLogin?CustOrg=CommonwealthPA target=_new >click here</a> to go to the portal.  QUALIFICATIONS WILL ONLY BE ACCEPTED ELECTRONICALLY THROUGH JAGGAER.  Technical support is available via Jaggaer at <a href=https://www.jaggaer.com/service-support/supplier-support/ target=_new >JAGGAER Support</a> JAGGAER Support or (800) 233-1121.","All Using Agencies","Statewide",11/27/2024,1/28/2030 3:00:00 PM,1/28/2030 3:01:00 PM,"Open","Jason Collett",4/18/2025 3:14:06 PM
"4400030450","ITQ","Emergency Care Services","The purpose of the Emergency Care Services ITQ is to qualify responsible and responsive Contractors to provide turnkey congregate sheltering services and large-scale feeding operations in response to an emergency or a Governor declared disaster. The services will be used when the scope, scale, and complexity of requirements which emerge during an incident or event, exceed the existing and available resources of the ‘authority having jurisdiction’. These services are intended to supplement county or local jurisdictional services.  Please <a href=https://www.dgs.pa.gov/Materials-Services-Procurement/Procurement-Resources/Pages/ITQ-Documents.aspx target=_new >click here</a> to view a list of ITQ Contracts and related documents.  First, suppliers must register as a PA Supplier and receive a vendor number.  Suppliers will register in the PA Supplier Portal at https://pasupplierportal.state.pa.us/irj/portal/anonymous    Lastly, suppliers are required to create a user profile within our JAGGAER portal to complete qualification requirements.    Please <a href=https://solutions.sciquest.com/apps/Router/SupplierLogin?CustOrg=CommonwealthPA target=_new >click here</a> to go to the portal.  QUALIFICATIONS WILL ONLY BE ACCEPTED ELECTRONICALLY THROUGH JAGGAER.  Technical support is available via Jaggaer at <a href=https://www.jaggaer.com/service-support/supplier-support/ target=_new >JAGGAER Support</a> JAGGAER Support or (800) 233-1121.","All Using Agencies","Statewide",8/1/2024,6/30/2034 2:00:00 PM,6/30/2034 2:00:00 PM,"Open","Jason Collett",12/19/2024 1:45:40 PM
"4400029959","ITQ","SWIF Security Surveillance Services","The purpose of the SWIF-Security Surveillance Services ITQ is to qualify responsible and responsive Contractor(s) to perform the requirements of the Department of Labor & Industry State Workers’ Insurance Fund (SWIF) for Activities Checks/Surveillance Services, Testimony and Background Checks / Records Research. The Department of Labor and Industry (DLI) is seeking qualified Contractor(s) to provide expert, comprehensive Activities Checks/Surveillance, Testimony and Background Checks / Records Research services to determine if a claimant’s activities are consistent with his/her purported disability, and whether the claimant is engaging in unreported employment.  DLI is soliciting Contractors to submit qualifications for the statewide [ITQ] Invitation to Qualify (ITQ).  Those Contractors that meet the qualifications will be awarded a contract and will be eligible to respond to Request for Quotes (RFQ) for various types of [list the services/materials] to Commonwealth agencies and Local Public Procurement Units.  Suppliers must register as a PA Supplier and receive a vendor number. Suppliers will register in the PA Supplier Portal at https://pasupplierportal.state.pa.us/irj/portal/anonymous.  Suppliers are required to create a user profile within our JAGGAER portal to complete qualification requirements.  To access the JAGGAER portal: https://solutions.sciquest.com/apps/Router/SupplierLogin?CustOrg=CommonwealthPA.  QUALIFICATIONS WILL ONLY BE ACCEPTED ELECTRONICALLY THROUGH JAGGAER.  Technical support is available via Jaggaer at JAGGAER Support or by calling (800) 233-1121.  Suppliers who meet eligibility requirements are encouraged to self-certify a Department of General Services (DGS) Small Business may visit this link https://www.dgs.pa.gov/Small%20Business%20Contracting%20Program/Pages/default.aspx  Questions regarding the SWIF Security and Surveillance ITQ can be submitted to RA-li-OIT-BAS-Procur@pa.gov with Solicitation 4400029959 in the subject field","Department of Labor and Industry","Statewide",6/13/2024,12/31/9999 2:00:00 PM,12/31/9999 2:01:00 PM,"Open","Samuel Messinger",6/28/2024 10:25:19 AM
"4400029960","ITQ","SWIF Vocational Rehab Services","The Department of Labor and Industry (DLI) is seeking qualified Contractors with the experience, background, certifications, and services at competitive prices while ensuring that agency requirements are met in compliance with all regulations of The Pennsylvania Workers’ Compensation Act, specifically Title 34, PA Code Section 123.201 which allows Pennsylvania Workers’ Compensation insurers to maintain or provide vocational rehabilitation services.    DLI is soliciting Contractors to submit qualifications for the statewide [ITQ] Invitation to Qualify (ITQ).  Those Contractors that meet the qualifications will be awarded a contract and will be eligible to respond to Request for Quotes (RFQ) for various  types of [list the services/materials] to Commonwealth agencies and Local Public Procurement Units.  Suppliers must register as a PA Supplier and receive a vendor number. Suppliers will register in the PA Supplier Portal at  https://pasupplierportal.state.pa.us/irj/portal/anonymous.  Suppliers are required to create a user profile within our JAGGAER portal to complete qualification requirements.  To access the JAGGAER portal:  https://solutions.sciquest.com/apps/Router/SupplierLogin?CustOrg=CommonwealthPA.  QUALIFICATIONS WILL ONLY BE ACCEPTED ELECTRONICALLY THROUGH JAGGAER.  Technical support is available via Jaggaer at JAGGAER Support or by calling (800) 233-1121.  Suppliers who meet eligibility requirements are encouraged to self-certify a Department of General Services (DGS) Small Business may visit this link  https://www.dgs.pa.gov/Small%20Business%20Contracting%20Program/Pages/default.aspx  Questions regarding the SWIF Vocational Rehabilitation Services ITQ can be submitted to RA-li-OIT-BAS-Procur@pa.gov with Solicitation 4400029960 in the subject field   SAP NetWeaver Portal","Department of Labor and Industry","Statewide",6/13/2024,12/31/9999 2:00:00 PM,12/31/9999 2:01:00 PM,"Open","Samuel Messinger",6/28/2024 10:30:50 AM
"DGS 2024-SWSBRCM","ITQ","Statewide Small Business Reserve Construction Mgmt","PROJECT NUMBER:  DGS 2024 – SWSBRCM  PROJECT TITLE:  Statewide Small Business Reserve Construction Management Services PROJECT LOCATION:  Statewide This ITQ process will allow DGS to establish a list of DGS Certified Small Business CM firms (CM Firms) whose services may be utilized by DGS on various projects.   BRIEF DESCRIPTION: This is an open enrollment Invitation to Qualify (ITQ) by the Department of General Services (DGS) to only DGS Certified Small Businesses for certain:   CONSTRUCTION MANAGEMENT (CM) SERVICES On various DGS Capital Programs projects requiring CM work during the Pre-Design, Design and Construction stages.     It is DGS’ intent that this ITQ will result in a contract that is the first step of a three-step procurement process.  This ITQ process will allow DGS to establish a list of DGS Certified Small Business CM firms (CM Firms) whose services may be utilized by DGS on various projects to be bid from:   06/01/2024 to 05/31/2029 (five (5) years). Proposals may be submitted to DGS between the ITQ Date of Issue and 12/31/2028.  Received proposals will be opened and evaluated within approximately sixty (60) calendar days from the receiving date. There is no cost estimate associated with this ITQ. <b>APPLICATION DUE DATE December 31, 2028, AT 4:30 P.M.<b>    PROJECT DOCUMENTS, including the Invitation to Qualify, can be viewed in, and downloaded from the project’s Trimble Unity Construct solicitation file. <b>All Applicants are required to create a user profile within Trimble Unity Construct to view/download Project Documents.</b>  <a href=https://gateway.app.e-builder.net/app/bidders/landing?accountid=336a825c-0e5d-433b-835d-4ddd1682e87e&projectid=9770d83c-0dd2-439e-b449-2797273377c7&bidpackageid=90f03cc8-d172-4a99-be17-ed62fef7ace3target=_New>Small Business Reserve Construction Management Services</a>    APPLICATIONS FOR THIS PROJECT WILL ONLY BE ACCEPTED ELECTRONICALLY THROUGH AN Trimble Unity Construct BIDDING PORTAL.  A video tutorial is available on the Trimble Unity Construct site for first time users to learn how to navigate Trimble Unity Construct.  Technical support is also available via email at support@Trimble Unity Construct.net or by phone at 1-888-288-5717.  <b>Due to technical limitations, the Statewide Small Business Reserve Construction Management Services ITQ must be viewed using a Windows PC. At this time, mobile devices are not supported.</b>  <b>All applicants must have a Current, Active Vendor/SAP Number.</b> To register for a Vendor Number, click the following link:   <a href=http://www.pasupplierportal.state.pa.us target=_New>Register</a>   The initial Review Committee Meeting is scheduled for THURSDAY, April 18, 2024 AT 2:00 PM.  Additional reviews will be held approximately every 60 days. A list of selected Construction Management firms is available on the DGS Capital Programs Design webpage: <a href=https://www.dgs.pa.gov/Design-and-Construction/Pages/default.aspx target=_New>Small Business Reserve Construction Management Services Results</a>","Department of General Services","Statewide",3/13/2024,12/31/2028 4:00:00 PM,12/31/2028 4:00:00 PM,"Open","Jim Paschke",4/17/2024 1:44:00 PM
"4400027046","ITQ","Fire Extinguishers, Maintenance & Repair Services","The purpose of the Fire Extinguishers, Maintenance, and Repair Services ITQ is to qualify responsible and responsive Contractors to perform inspection, maintenance, repair, and disposal services for fire extinguishers, and to provide for the procurement of new fire extinguishers and accessories to Commonwealth of Pennsylvania’s using agencies. In addition, Local Public Procurement Units, as defined by the Commonwealth Procurement Code, may use this contract in accordance with the COSTARS Provision contained in this document.  Please <a href=https://www.dgs.pa.gov/Materials-Services-Procurement/Procurement-Resources/Pages/ITQ-Documents.aspx target=new>click here</a> to view a list of ITQ Contracts and related documents.  First, suppliers must register as a PA Supplier and receive a vendor number. Suppliers can register at the PA Supplier Portal <a href=https://pasupplierportal.state.pa.us/irj/portal/anonymous target=blank >here</a>.  Lastly, suppliers are required to create a user profile within our JAGGAER portal to complete qualification requirements.  Please <a href=https://solutions.sciquest.com/apps/Router/SupplierLogin?CustOrg=CommonwealthPA%22%20target=%22_new%22>click here</a> to go to the JAGGAER portal.  QUALIFICATIONS WILL ONLY BE ACCEPTED ELECTRONICALLY THROUGH JAGGAER.  Technical support is available via Jaggaer at <a href=https://www.jaggaer.com/service-support/supplier-support/ target=_new >JAGGAER Support</a> or (800) 233-1121.","All Using Agencies","Statewide",10/19/2023,12/31/2027 1:00:00 PM,12/31/2027 1:00:00 PM,"Open","Jason Collett",3/22/2023 3:30:08 PM
"4400028185","ITQ","Courier Services","The purpose of this Courier Services ITQ Contract is to qualify responsible and responsive Contractors to perform pre-defined, as-needed, and emergency (on-demand) courier services by picking-up and delivering shipments for Commonwealth of Pennsylvania agencies and users of this Contract.  Services are needed in all 67 counties of Pennsylvania. Contractors will be required to identify which of the 67 counties in Pennsylvania they will be able to provide service.    Please <a href=https://www.dgs.pa.gov/Materials-Services-Procurement/Procurement-Resources/Pages/ITQ-Documents.aspx target=blank>click here</a> to view a list of ITQ Contracts and related documents.  First, suppliers must register as a PA Supplier and receive a vendor number. Suppliers will register in the PA Supplier Portal at <a href=https://pasupplierportal.state.pa.us/irj/portal/anonymous target=Blank>click here</a>  Lastly, suppliers are required to create a user profile within our JAGGAER portal to complete qualification requirements.  Please <a href=https://solutions.sciquest.com/apps/Router/SupplierLogin?CustOrg=CommonwealthPA target=blank>click here</a> to go to the portal.  QUALIFICATIONS WILL ONLY BE ACCEPTED ELECTRONICALLY THROUGH JAGGAER.  Technical support is available via Jaggaer at <a href=https://www.jaggaer.com/service-support/supplier-support/ target=blank>JAGGAER Support</a> or (800) 233-1121 ","All Using Agencies","Statewide",7/14/2023,7/31/2028 1:00:00 PM,7/31/2028 1:01:00 PM,"Open","Jason Collett",8/16/2023 2:10:47 PM
"4400027321","ITQ","Less Lethal & Duty Gear ITQ Contract","The purpose of this Less Lethal & Duty Gear ITQ is to qualify responsible and responsive Contractors to provide Less Lethal Tactical Weapons, Equipment, Accessories, Supplies, and Duty Gear for Commonwealth of Pennsylvania agencies. In addition, Local Public Procurement Units, as defined by the Commonwealth Procurement Code, may use this contract in accordance with the COSTARS Provision contained in this document. This ITQ Contract is open to Original Equipment Manufacturers (OEMs) and authorized resellers and distributors for qualification.  Please <a href=https://www.dgs.pa.gov/Materials-Services-Procurement/Procurement-Resources/Pages/ITQ-Documents.aspx target=blank>click here</a> to view a list of ITQ Contracts and related documents.  First, suppliers must register as a PA Supplier and receive a vendor number. Suppliers will register in the PA Supplier Portal at <a href=https://pasupplierportal.state.pa.us/irj/portal/anonymous target=blank>click here</a>  Lastly, suppliers are required to create a user profile within our JAGGAER portal to complete qualification requirements.  Please <a href=https://solutions.sciquest.com/apps/Router/SupplierLogin?CustOrg=CommonwealthPA target=blank>click here</a> to go to the portal.  QUALIFICATIONS WILL ONLY BE ACCEPTED ELECTRONICALLY THROUGH JAGGAER.  Technical support is available via Jaggaer at <a href=https://www.jaggaer.com/service-support/supplier-support/ target=blank>JAGGAER Support</a> or (800) 233-1121 ","All Using Agencies","Statewide",6/15/2023,5/31/2028 1:00:00 PM,5/31/2028 1:01:00 PM,"Open","Jason Collett",9/25/2023 2:57:31 PM
"4400026697","ITQ","Facility Maintenance Materials ITQ","The purpose of the Facility Maintenance Materials ITQ is to qualify responsible and responsive Contractors to provide facility maintenance materials. All Commonwealth of Pennsylvania agencies are eligible to utilize this ITQ. In addition, Local Public Procurement Units, as defined by the Commonwealth Procurement Code, may also use this contract.  Please <a href=” https://www.dgs.pa.gov/Materials-Services-Procurement/Procurement-Resources/Pages/ITQ-Documents.aspx”target=”_new”>click here</a> to view a list of ITQ Contracts and related documents.  First, suppliers must register as a PA Supplier and receive a vendor number. Suppliers will register in the PA Supplier Portal at <a href=https://solutions.sciquest.com/apps/Router/SupplierLogin?CustOrg=CommonwealthPA%22%20target=%22_new%22>click here</a>  Lastly, suppliers are required to create a user profile within our JAGGAER portal to complete qualification requirements.  Please <a href=https://solutions.sciquest.com/apps/Router/SupplierLogin?CustOrg=CommonwealthPA%22%20target=%22_new%22>click here</a> to go to the portal.  QUALIFICATIONS WILL ONLY BE ACCEPTED ELECTRONICALLY THROUGH JAGGAER.  Technical support is available via Jaggaer at <a href=https://www.jaggaer.com/service-support/supplier-support/ target=_new >JAGGAER Support</a> JAGGAER Support or (800) 233-1121   ","All Using Agencies","Statewide",8/9/2022,10/31/2027 4:00:00 PM,10/31/2027 4:10:00 PM,"Open","Ray Laurent",2/29/2024 1:53:49 PM
"4400026637","ITQ","Municipal Waste Services","The purpose of the Municipal Waste Services ITQ is to qualify responsible and responsive Contractors to provide municipal waste services. This ITQ contract is open to all Commonwealth of Pennsylvania agencies. In addition, Local Public Procurement Units, as defined by the Commonwealth Procurement Code, may use this contract in accordance with the COSTARS Provision contained in this document.  Please <a href=https://www.dgs.pa.gov/Materials-Services-Procurement/Procurement-Resources/Pages/ITQ-Documents.aspx target=new>click here</a> to view a list of ITQ Contracts and related documents.  First, suppliers must register as a PA Supplier and receive a vendor number. Suppliers will register in the PA Supplier Portal at https://pasupplierportal.state.pa.us/irj/portal/anonymous  Lastly, suppliers are required to create a user profile within our JAGGAER portal to complete qualification requirements.  Please <a href=https://solutions.sciquest.com/apps/Router/SupplierLogin?CustOrg=CommonwealthPA target=_new >click here</a> to go to the portal.  QUALIFICATIONS WILL ONLY BE ACCEPTED ELECTRONICALLY THROUGH JAGGAER.  Technical support is available via Jaggaer at <a href=https://www.jaggaer.com/service-support/supplier-support/ target=_new >JAGGAER Support</a> JAGGAER Support or (800) 233-1121 ","Department of General Services","Statewide",7/22/2022,6/30/2027 5:00:00 PM,6/30/2027 5:00:00 PM,"Open","Jason Collett",7/15/2022 3:36:06 PM
"4400025972","ITQ","Security Guard Services ITQ"," Please <a href=” https://www.dgs.pa.gov/Materials-Services-Procurement/Procurement-Resources/Pages/ITQ-Documents.aspx”target=”_new”>click here</a> to view a list of ITQ Contracts and related documents.  First, suppliers must register as a PA Supplier and receive a vendor number. Suppliers will register in the PA Supplier Portal at https://pasupplierportal.state.pa.us/irj/portal/anonymous  Lastly, suppliers are required to create a user profile within our JAGGAER portal to complete qualification requirements.  Please <a href=https://solutions.sciquest.com/apps/Router/SupplierLogin?CustOrg=CommonwealthPA target=_new >click here</a> to go to the portal.  QUALIFICATIONS WILL ONLY BE ACCEPTED ELECTRONICALLY THROUGH JAGGAER.  Technical support is available via Jaggaer at <a href=https://www.jaggaer.com/service-support/supplier-support/ target=_new >JAGGAER Support</a> JAGGAER Support or (800) 233-1121 ","Department of General Services","Statewide",7/1/2022,6/30/2027 4:00:00 PM,6/30/2027 4:01:00 PM,"Open","Kelly Warnick",5/31/2022 1:27:56 PM
"4400025950","ITQ","Transportation Research, Education and Technology","The Transportation Research, Education and Technology Transfer Services ITQ allows vendors to qualify for future participation in Request for Quotes (RFQ's) to provide services to the Pennsylvania Department of Transportation (PennDOT).   VENDOR ITQ QUALIFICATION WILL ONLY BE ACCEPTED ELECTRONICALLY THROUGH JAGGAER.  JAGGAER technical support is available at https://www.jaggaer.com/service-support/supplier-support or (800) 233-1121.  All suppliers must be registered in the PA Supplier Portal prior to registering in JAGGAER.   Please refer to the ITQ Application Guide on the DGS website, https://www.dgs.pa.gov/Materials-Services-Procurement/Pages/ITQApplicationGuide.aspx, for information regarding PA Supplier Portal registration, JAGGAER registration, general ITQ qualifying information and to view the Transportation Research, Education, Technology Services ITQ Statement of Work and Terms and Conditions.","Department of Transportation","Statewide",3/29/2022,3/28/2032 4:00:00 PM,3/28/2032 4:00:00 PM,"Open","Anthony Marazas",5/27/2025 9:20:50 AM
"4400025691","ITQ","Ecological Restoration Services"," Please <a href=” https://www.dgs.pa.gov/Materials-Services-Procurement/Procurement-Resources/Pages/ITQ-Documents.aspx”target=”_new”>click here</a> to view a list of ITQ Contracts and related documents.  First, suppliers must register as a PA Supplier and receive a vendor number. Suppliers will register in the PA Supplier Portal at <a href=https://pasupplierportal.state.pa.us/irj/portal/anonymous>click here</a>  Lastly, suppliers are required to create a user profile within our JAGGAER portal to complete qualification requirements.  Please<a href=https://solutions.sciquest.com/apps/Router/SupplierLogin?CustOrg=CommonwealthPA>click here</a> to go to the portal.  QUALIFICATIONS WILL ONLY BE ACCEPTED ELECTRONICALLY THROUGH JAGGAER.  Technical support is available via Jaggaer at <a href=https://www.jaggaer.com/service-support/supplier-support/ target=_new >JAGGAER Support</a> JAGGAER Support or (800) 233-1121 ","Department of General Services","Statewide",3/4/2022,1/27/2027 3:00:00 PM,1/27/2027 3:01:00 PM,"Open","Kelly Warnick",6/8/2023 11:36:16 AM
"4400024955","ITQ","Port Toilet/Hand Wash Equip & Septic Waste Removal","The Commonwealth of Pennsylvania (COPA), Department of General Services (DGS) is issuing this ITQ for the purpose of the Portable Toilet/Hand Washing Equipment and Septic Waste Removal Services. This ITQ is to qualify responsible and responsive Contractors to provide rental or sales of portable toilets and hand washing equipment and septic waste removal services. This ITQ contract is open to all Commonwealth of Pennsylvania agencies. In addition, Local Public Procurement Units, as defined by the Commonwealth Procurement Code, may use this contract in accordance with the COSTARS Provision contained in this document.  Please <a href=https://www.dgs.pa.gov/Materials-Services-Procurement/Procurement-Resources/Pages/ITQ-Documents.aspx target=new>click here</a> to view a list of ITQ Contracts and related documents.  First, suppliers must register as a PA Supplier and receive a vendor number. Suppliers will register in the PA Supplier Portal at https://pasupplierportal.state.pa.us/irj/portal/anonymous  Lastly, suppliers are required to create a user profile within our JAGGAER portal to complete qualification requirements.  Please <a href=https://solutions.sciquest.com/apps/Router/SupplierLogin?CustOrg=CommonwealthPA target=_new >click here</a> to go to the portal.  QUALIFICATIONS WILL ONLY BE ACCEPTED ELECTRONICALLY THROUGH JAGGAER.  Technical support is available via Jaggaer at <a href=https://www.jaggaer.com/service-support/supplier-support/ target=_new >JAGGAER Support</a> JAGGAER Support or (800) 233-1121. ","Department of General Services","Statewide",1/3/2022,6/30/2027 4:00:00 PM,6/30/2027 4:00:00 PM,"Open","Jason Collett",8/5/2022 2:14:54 PM
"4400025055","ITQ","Commissary Products","The Department of Corrections (DOC) is soliciting Suppliers to submit qualifications for the Commissary Invitation to Qualify (ITQ). Those Suppliers that meet the qualifications will be awarded a contract and will be eligible to respond to Request for Quotes (RFQ) for Commissary Products to the DOC.  Please go to https://www.dgs.pa.gov/Materials-Services-Procurement/Procurement-Resources/Pages/ITQ-Documents.aspx to view a list of ITQ Contracts and related documents.  First, suppliers must register as a PA Supplier and receive a vendor number. Suppliers will register in the PA Supplier Portal at https://pasupplierportal.state.pa.us/irj/portal/anonymous.  Lastly, suppliers are required to create a user profile within our JAGGAER portal to complete qualification requirements.  To access the JAGGAER portal: https://solutions.sciquest.com/apps/Router/SupplierLogin?CustOrg=CommonwealthPA.  QUALIFICATIONS WILL ONLY BE ACCEPTED ELECTRONICALLY THROUGH JAGGAER.  Technical support is available via Jaggaer at JAGGAER Support or by calling (800) 233-1121.","Department of Corrections","Multiple",10/19/2021,9/30/2031 4:00:00 PM,9/30/2031 4:15:00 PM,"Open","Amanda  Wasko",6/11/2024 2:30:49 PM
"4400025054","ITQ","Industrial Sewing Machines and Parts ITQ","The Department of Corrections (DOC) is soliciting Suppliers to submit qualifications for the Industrial Sewing Machines and Parts Invitation to Qualify (ITQ). Those Suppliers that meet the qualifications will be awarded a contract and will be eligible to respond to Request for Quotes (RFQ) for Industrial Sewing Machines and parts to the DOC.  Please go to https://www.dgs.pa.gov/Materials-Services-Procurement/Procurement-Resources/Pages/ITQ-Documents.aspx to view a list of ITQ Contracts and related documents.  First, suppliers must register as a PA Supplier and receive a vendor number. Suppliers will register in the PA Supplier Portal at https://pasupplierportal.state.pa.us/irj/portal/anonymous.  Lastly, suppliers are required to create a user profile within our JAGGAER portal to complete qualification requirements.  To access the JAGGAER portal: https://solutions.sciquest.com/apps/Router/SupplierLogin?CustOrg=CommonwealthPA.  QUALIFICATIONS WILL ONLY BE ACCEPTED ELECTRONICALLY THROUGH JAGGAER.  Technical support is available via Jaggaer at JAGGAER Support or by calling (800) 233-1121.","Department of Corrections","Multiple",10/5/2021,9/30/2026 4:00:00 PM,9/30/2026 4:00:00 PM,"Open","Amanda Wasko",6/11/2024 2:31:45 PM
"3520T01","ITQ","Road-Killed Deer Removal and Disposal","The Pennsylvania Department of Transportation is soliciting for contractors to remove and lawfully dispose of clearly visible dead deer (or major parts thereof) that can result in hazardous driving conditions along or within PennDOT’s right-of-ways, highways, and interchanges throughout the Commonwealth.   Initial enrollments are due 6/22/2021. Applications shall continue to be accepted until 1/31/2031.","Department of Transportation","Statewide",4/2/2021,1/31/2031 4:00:00 PM,1/31/2031 4:15:00 PM,"Open","Jodi  Wilson",5/2/2025 9:51:46 AM
"COSTARS-42","COSTARS","Electronic Monitoring Services & Equipment","Electronic Monitoring Services and Electronic Monitoring Equipment, Repair Services and Equipment Rental for exclusive use by Local Public Procurement Units and State Affiliated Entities registered with the Department of General Services as COSTARS Members. Bids will be accepted at the address below on any given Commonwealth business day. Any bid received after the Bid Opening time will be opened on the next Commonwealth business day.","Department of General Services","Statewide",1/15/2020,12/31/9999 1:30:00 PM,12/31/9999 1:30:00 PM,"Open","Priscila Bills",3/4/2025 3:31:32 PM
"4400021508","ITQ","Ready Mixed Concrete and Cement/Concrete Products"," The Department of General Services (DGS) is soliciting Suppliers to submit qualifications for a statewide Ready Mixed Concrete and Cement/Concrete Products Invitation to Qualify (ITQ).  Suppliers that meet the qualifications will be awarded a contract and may be eligible to respond to a Request for Quotes (RFQ).  First, if they have not already done so, Suppliers should be registered as a PA Supplier and receive a supplier number.  Suppliers can register at: <a href=https://pasupplierportal.state.pa.us/irj/portal/anonymous>https://pasupplierportal.state.pa.us/irj/portal/anonymous</a>  Suppliers are also required to create a user profile within our JAGGAER portal and select one or both of the Commodity Codes: 30111505-ITQ-270 (Ready Mixed Concrete); 30111500-ITQ-271 (Cement/Concrete Products)  Please click <a href=https://www.dgs.pa.gov/Materials-Services-Procurement/Procurement-Resources/Pages/ITQ-Documents.aspx target=_new >here</a> to view a complete list of ITQ solicitations.    All Offerors are required to create a user profile within our JAGGAER portal.    Please click <a href=https://solutions.sciquest.com/apps/Router/SupplierLogin?CustOrg=CommonwealthPA target=_new >here</a> to go to the portal.  QUALIFICATIONS WILL ONLY BE ACCEPTED ELECTRONICALLY THROUGH JAGGAER.  Technical support is available via Jaggaer at <a href=https://www.jaggaer.com/service-support/supplier-support/ target=_new >JAGGAER Support</a> or (800) 233-1121.    ","All Using Agencies","Statewide",7/19/2019,7/31/2029 4:00:00 PM,7/31/2029 4:00:00 PM,"Open","Randall Miller",6/24/2024 1:47:39 PM
"COSTARS-15 Rebid","COSTARS","Water & Wastewater Treatment Consumables","Water & Wastewater Treatment Consumables Contract for exclusive use by Local Public Procurement Units and State Affiliated Entities registered with the Department of General Services as COSTARS Members. Bids will be accepted at the address below on any given Commonwealth business day. Any bid received after the Bid Opening time will be opened on the next Commonwealth business day.","Department of General Services","Statewide",4/22/2019,12/31/2099,12/31/2099 1:30:00 PM,"Open","Kathy Garman",3/30/2022 9:48:40 AM
"4400021082","ITQ","Drug and Alcohol Training Services","The purpose of the  DRUG AND ALCOHOL TRAINING SERVICES  ITQ is to qualify responsible and responsive service providers to provide training services on behalf of the Department of Drug and Alcohol Programs (“DDAP”). DDAP will pay contractors for developing, designing, moderating, and presenting training programs and coaching other trainers to improve the skills of individuals to better service the needs of the Commonwealth.  First, suppliers must register as a PA Supplier and receive a vendor number.  Suppliers will register in the PA Supplier Portal at https://pasupplierportal.state.pa.us/irj/portal/anonymous  Lastly, suppliers are required to create a user profile within our JAGGAER portal to complete qualification requirements.  Please click here:  ( https://solutions.sciquest.com/apps/Router/SupplierLogin?CustOrg=CommonwealthPA ) to go to the portal.  QUALIFICATIONS WILL ONLY BE ACCEPTED ELECTRONICALLY THROUGH JAGGAER.  Technical support is available for Jaggaer at JAGGAER Supplier Support 1-800-233-1121 (option 2).","Department of Drug and Alcohol Programs","Statewide",4/19/2019,4/18/2029,4/19/2029,"Open","Jenny Badman",8/10/2026 4:28:58 PM
"COSTARS-41","COSTARS","Stormwater Management Products and Services ","Stormwater Management Products and Services Contract for exclusive use by Local Public Procurement Units and State Affiliated Entities registered with the Department of General Services as COSTARS Members. Bids will be accepted at the address below on any given Commonwealth business day. Any bid received after the Bid Opening time will be opened on the next Commonwealth business day. ","Department of General Services","Statewide",2/27/2019,12/31/9999 1:30:00 PM,12/31/9999 1:30:00 PM,"Open","Kathy Garman",3/28/2022 2:42:26 PM
"COSTARS-40","COSTARS","Security, Surveillance & Fire Alarm Systems","Security and Surveillance Systems and Fire Alarm Systems, Equipment, Products, and Services Contract for exclusive use by Local Public Procurement Units and State Affiliated Entities registered with the Department of General Services as COSTARS Members. Bids will be accepted at the address below on any given Commonwealth business day. Any bid received after the Bid Opening time will be opened on the next Commonwealth business day.","Department of General Services","Dauphin",11/27/2018,12/31/9999 1:30:00 PM,12/31/9999 1:30:00 PM,"Open","Priscila Bills",3/4/2025 3:29:19 PM
"4400018828","ITQ","Water Treatment Services ITQ","The Department of General Services (DGS) is soliciting Suppliers to submit qualifications for a statewide Water Treatment Services Invitation to Qualify (ITQ).  Suppliers that meet the qualifications will be awarded a contract and may be eligible to respond to a Request for Quotes (RFQ).  Services may cover requirements for non-potable water systems, to include boiler systems, steam generating systems, HVAC systems, cooling towers and recirculating hot and cold water systems, open and closed loops, etc. at various Commonwealth agencies.   First, Suppliers should be registered as a PA Supplier and receive a supplier number.  They can register at:  https://pasupplierportal.state.pa.us/irj/portal/anonymous  Suppliers are also required to create a user profile within our JAGGAER portal and select the Water Treatment Services Commodity Code: 83101506-ITQ-232.  Please <a href=https://bids.sciquest.com/apps/Router/PublicEvent?CustomerOrg=CommonwealthPA target=_new >click here</a> to view the list of solicitations.    All Offerors are required to create a user profile within our JAGGAER portal.    Please <a href=https://solutions.sciquest.com/apps/Router/SupplierLogin?CustOrg=CommonwealthPA target=_new >click here</a> to go to the portal.  QUALIFICATIONS WILL ONLY BE ACCEPTED ELECTRONICALLY THROUGH JAGGAER.  Technical support is available via Jaggaer at <a href=https://www.jaggaer.com/service-support/supplier-support/ target=_new >JAGGAER Support</a> JAGGAER Support or (800) 233-1121.","All Using Agencies","Statewide",4/9/2018,12/31/9999 4:00:00 PM,12/31/9999 4:00:00 PM,"Open","Shelbie Pickering",4/30/2018 11:56:43 AM
"4400018828-A","ITQ","Water Treatment Services ITQ","The Department of General Services (DGS) is soliciting Suppliers to submit qualifications for a statewide Water Treatment Services Invitation to Qualify (ITQ).  Suppliers that meet the qualifications will be awarded a contract and may be eligible to respond to a Request for Quotes (RFQ).  Services may cover requirements for non-potable water systems, to include boiler systems, steam generating systems, HVAC systems, cooling towers and recirculating hot and cold water systems, open and closed loops, etc. at various Commonwealth agencies.  First, Suppliers should be registered as a PA Supplier and receive a supplier number.  They can register at:  https://pasupplierportal.state.pa.us/irj/portal/anonymous  Suppliers are also required to create a user profile within our JAGGAER portal and select the Water Treatment Services Commodity Code: 83101506-ITQ-232.  Please click here to view the list of solicitations.   All Offerors are required to create a user profile within our JAGGAER portal.   Please click here to go to the portal.  QUALIFICATIONS WILL ONLY BE ACCEPTED ELECTRONICALLY THROUGH JAGGAER.  Technical support is available via Jaggaer at JAGGAER Support JAGGAER Support or (800) 233-1121.","All Using Agencies","Statewide",4/9/2018,12/31/9999 4:00:00 PM,12/31/9999 4:00:00 PM,"Open","Amy Layman",8/4/2023 2:18:48 PM
"4400018736","ITQ","Conference and Event Planning ITQ","The Department of General Services (DGS) is soliciting Contractors to submit qualifications for the statewide Conference and Event Planning Invitation to Qualify (ITQ). Those Contractors that meet the qualifications will be awarded a contract and will be eligible to respond to Request for Quotes (RFQ) for various types of consulting services to Commonwealth agencies and Local Public Procurement Units.  Please <a href=https://www.dgs.pa.gov/Materials-Services-Procurement/Procurement-Resources/Pages/ITQ-Documents.aspx target=new>click here</a> to view a list of ITQ Contracts and related documents.  First, suppliers must register as a PA Supplier and receive a vendor number. Suppliers will register in the PA Supplier Portal at https://pasupplierportal.state.pa.us/irj/portal/anonymous  Lastly, suppliers are required to create a user profile within our JAGGAER portal to complete qualification requirements.  Please <a href=https://solutions.sciquest.com/apps/Router/SupplierLogin?CustOrg=CommonwealthPA target=_new >click here</a> to go to the portal.  QUALIFICATIONS WILL ONLY BE ACCEPTED ELECTRONICALLY THROUGH JAGGAER.  Technical support is available via Jaggaer at <a href=https://www.jaggaer.com/service-support/supplier-support/ target=_new >JAGGAER Support</a> JAGGAER Support or (800) 233-1121. ","All Using Agencies","Statewide",3/7/2018,1/31/2028 3:00:00 PM,1/31/2028 3:00:00 PM,"Open","Jason Collett",8/5/2022 11:04:28 AM
"4400016426_","ITQ","Guaranteed Energy Savings Program","ITQ to facilitate the implementation of projects completed under the Commonwealth's Guaranteed Energy Savings Act (GESA)","All Using Agencies","Statewide",1/17/2017,12/31/9999 5:00:00 PM,12/31/9999 5:00:00 PM,"Open","Keith Worley",3/6/2020 10:22:34 AM
"4400018453","ITQ","Freelance Services","The Department of General Services (DGS) is soliciting Contractors to submit qualifications for the statewide Freelance Services Invitation to Qualify (ITQ).  Those Contractors that meet the qualifications will be awarded a contract and will be eligible to respond to Request for Quotes (RFQ) for various types of consulting services to Commonwealth agencies and Local Public Procurement Units.  To view documents, prior to registration, <a href=http://www.dgs.pa.gov/Businesses/Materials%20and%20Services%20Procurement/Procurement-Resources/Pages/ITQ-Documents.aspx target=_new >click here</a>.  Contractors interested in registering will do in the Commonwealth's Supplier Management System, powered by Jaggaer. Please <a href=https://solutions.sciquest.com/apps/Router/SupplierLogin?CustOrg=CommonwealthPA target=_new >click here</a> to go to the portal.  Suppliers having problems with registration, please visit <a href=https://www.jaggaer.com/service-support/supplier-support/ target=_new >JAGGAER Support</a> or call (800) 233-1121.","Department of General Services","Statewide",1/1/2017,12/31/9999 8:00:00 AM,12/31/9999 8:00:00 AM,"Open","Kelly Warnick",5/1/2020 3:50:09 PM
"4400016352","ITQ","Electricity Demand response Services","Electricity Demand Response Services","Department of General Services","Statewide",12/16/2016,12/31/9999 4:00:00 PM,12/31/9999 4:00:00 PM,"Open","Keith Worley",12/16/2016 3:59:13 PM
"3516T01","ITQ","Rented Equipment Invitation to Qualify (ITQ)","The Department of Transportation (PennDOT) is soliciting suppliers to submit qualifications for the PennDOT specific Rented Equipment Invitation to Qualify (ITQ) through the eProcurement website at https://eprocurement.pa.gov/.    Those suppliers that respond to this ITQ, if found qualified by PennDOT, will be awarded a contract and eligible to respond to RFQ's (Response for Quote) for various types of rental equipment, with or without operator, in identified counties.   Please refer to the attached detailed instructions entitled “Rented Equipment Vendor User Manual.pdf” which can be found below in the Related Solicitation Files section.  This manual will provide guidance on how to submit an ITQ application for the Rented Equipment ITQ contract and how to update an existing Rented Equipment ITQ contract in the eProcurement wesbite at https://eprocurement.pa.gov/.   This ITQ will have an initial enrollment starting on or about December 1, 2016, through March 22, 2017.  After May 1, 2017, there will be an Open Enrollment until June 30, 2027, during which Rented Equipment suppliers may seek to be added to the list of qualified ITQ suppliers at any time through the eProcurement website at https://eprocurement.pa.gov/.   Upon initial award, existing suppliers may seek to become qualified to provide additional equipment or counties by submitting updates at any time throughout the term of the contract  ","Department of Transportation","Statewide",12/8/2016,6/30/2027 2:00:00 PM,6/30/2027 2:02:00 PM,"Open","Jodi  Wilson",10/2/2025 1:26:48 PM
"COSTARS-38","COSTARS","Heavy Equipment Rental","COSTARS-exclusive Contract for the short-term rental and delivery of Heavy Equipment (“Heavy Equipment Rental”). This contract is for exclusive use by Local Public Procurement Units and State Affiliated Entities registered with the Department of General Services as COSTARS Members. Bids will be accepted at the address below on any given Commonwealth business day. Any bid received after the Bid Opening time will be opened on the next Commonwealth business day.","Department of General Services","Statewide",5/1/2015,12/31/9999 1:30:00 PM,12/31/9999 1:30:00 PM,"Open","Shelbie  Pickering ",3/29/2022 9:28:03 AM
"4400014001","ITQ","PHMC Museum Conservation Services ITQ","The Pennsylvania Historical and Museum Commission(PHMC) is seeking to qualify multiple professionals for the purpose of providing museum conservation and curatorial services through this Invitation to Qualify contract. This contract will be effective through 3/31/20.","Historical and Museum Commission","Dauphin",12/18/2014,12/31/9999 2:00:00 PM,12/31/9999 2:00:00 PM,"Open","Lisa Burchfield",3/16/2020 2:27:05 PM
"4400013615","ITQ","Innovation and Expansion Projects","The Department of General Services (DGS) is soliciting Contractors to submit qualifications for the statewide Innovation and Expansions Projects Invitation to Qualify (ITQ).  Those Contractors that meet the qualifications will be awarded a contract and will be eligible to respond to Request for Quotes (RFQ) for various types of consulting services to Commonwealth agencies and Local Public Procurement Units.  To view documents, prior to registration, <a href=http://www.dgs.pa.gov/Businesses/Materials%20and%20Services%20Procurement/Procurement-Resources/Pages/ITQ-Documents.aspx target=_new >click here</a>.  Contractors interested in registering will do in the Commonwealth's Supplier Management System, powered by Jaggaer. Please <a href=https://solutions.sciquest.com/apps/Router/SupplierLogin?CustOrg=CommonwealthPA target=_new >click here</a> to go to the portal.  Suppliers having problems with registration, please visit <a href=https://www.jaggaer.com/service-support/supplier-support/ target=_new >JAGGAER Support</a> or call (800) 233-1121.","Department of General Services","Statewide",6/27/2014,12/31/9999 2:30:00 PM,12/31/9999 2:31:00 PM,"Open","Lori Michaels",5/7/2020 8:31:52 AM
"034020142","ITQ","General Preservation Construction","The Pennsylvania Historic & Museum Commission (PHMC) is offering the opportunity for preservation and traditional trade contractors, craftspeople and artisans to become pre-qualified to bid on preservation construction projects on historic buildings at PHMC’s historic sites and museums throughout Pennsylvania.  This is an open enrollment process; therefore, you may apply at any time from now until June 30, 2019.","Historical and Museum Commission","Statewide",2/4/2014,12/31/9999 4:00:00 PM,12/31/9999 4:00:00 PM,"Open","Lisa Burchfield",3/13/2024 10:54:32 AM
"034020143","ITQ","Specialty Preservation Construction","Specialty Preservation Construction The Pennsylvania Historic & Museum Commission (PHMC) is offering the opportunity for preservation and traditional trade contractors, craftspeople and artisans to become pre-qualified to bid on preservation construction projects on historic buildings at PHMC’s historic sites and museums throughout Pennsylvania.  This is an open enrollment process; therefore, you may apply at any time from now until June 30, 2019.","Historical and Museum Commission","Statewide",2/4/2014,12/31/9999 4:00:00 PM,12/31/9999 4:00:00 PM,"Open","Lisa Burchfield",1/11/2024 1:37:20 PM
"ITQ 357I01","ITQ","Appraisal Services ITQ","The Department of Transportation (PennDOT) is issuing an Invitation to Qualify (ITQ) to prequalify appraisers interested in providing categories of appraisal services for the purpose of the acquisition of property for transportation purposes; the sale of property no longer needed for transportation purposes; and the lease of property not needed for the free movement of traffic.  Appraisers may continue to submit applications for this ITQ since the contract period will remain open and applications will be accepted through September 30, 2013 (or through September 30, 2018 if PennDOT chooses to renew this contract for an additional five (5) years). The Appraisal Services ITQ was evergreened on April 30, 2019 and has no expiration date.","Department of Transportation","Statewide",1/21/2014,12/31/9999,12/31/9999,"Open","William Reed",9/17/2025 8:40:09 AM
"034020141","ITQ","Historical Design Services","The Pennsylvania Historical and Museum Commission (PHMC) manages about 40 historic sites and museums which includes approximately 500 structures throughout the state.  The Division of Architecture and Preservation (Division) is responsible for providing a variety of architectural and engineering design, project management and support services for these facilities.  The Division is seeking to increase its capability to manage the volume and scope of needs by contracting for architectural and engineering design, project management and related consultant services through an ITQ process.  The work will be limited to design services for the preservation, restoration, repair and maintenance of historic structures administered by PHMC.  The Division is seeking qualified historical design businesses with extensive experience and expertise in preservation, restoration, repair and maintenance of historic structures.","Historical and Museum Commission","Dauphin",1/15/2014,12/31/9999 2:00:00 PM,12/31/9999 2:00:00 PM,"Open","Lisa Burchfield",5/30/2019 9:56:09 AM
"4400011716-01","ITQ","Facilities Maintenance Services","The Department of General Services (DGS) is soliciting Contractors to submit qualifications for the statewide Facilities Maintenance Services Invitation to Qualify (ITQ).  Those Contractors that meet the qualifications will be awarded a contract and will be eligible to respond to Request for Quotes (RFQ) for various types of consulting services to Commonwealth agencies and Local Public Procurement Units.  To view documents, prior to registration, <a href=http://www.dgs.pa.gov/Businesses/Materials%20and%20Services%20Procurement/Procurement-Resources/Pages/ITQ-Documents.aspx target=_new >click here</a>.  Contractors interested in registering will do in the Commonwealth's Supplier Management System, powered by Jaggaer. Please <a href=https://solutions.sciquest.com/apps/Router/SupplierLogin?CustOrg=CommonwealthPA target=_new >click here</a> to go to the portal.  Suppliers having problems with registration, please visit <a href=https://www.jaggaer.com/service-support/supplier-support/ target=_new >JAGGAER Support</a> or call (800) 233-1121.","All Using Agencies","Statewide",9/1/2013,12/31/9999 8:00:00 AM,12/31/9999 8:01:00 AM,"Open","Kelly Warnick",5/1/2020 3:44:34 PM
"COSTARS-37","COSTARS","Uniforms","COSTARS-exclusive Contract for the Supply, Delivery, Laundering, Dry Cleaning, Repair, Alteration and Rent or Lease of Uniforms. This contract is for exclusive use by Local Public Procurement Units and State Affiliated Entities registered with the Department of General Services as COSTARS Members. Bids will be accepted at the address below on any given Commonwealth business day. Any bid received after the Bid Opening time will be opened on the next Commonwealth business day.","Department of General Services","Statewide",4/18/2013,12/31/2099 1:30:00 PM,12/31/2099 1:30:00 PM,"Open","Kathy Garman",3/30/2022 9:46:56 AM
"COSTARS-36","COSTARS","Appliances, Cafeteria Equipment & Supplies","Appliances, Cafeteria Equipment, and Supplies Contract for exclusive use by Local Public Procurement Units and State Affiliated Entities registered with the Department of General Services as COSTARS Members. Bids will be accepted at the address below on any given Commonwealth business day. Any bid received after the Bid Opening time will be opened on the next Commonwealth business day.","Department of General Services","Statewide",4/2/2013,12/31/9999 1:30:00 PM,12/31/9999 1:30:00 PM,"Open","Shelbie Pickering",3/28/2022 3:47:13 PM
"COSTARS-33","COSTARS","Street Lighting, Parking Meters & Street Furniture","Street Lighting, Parking Meters and Street Furniture (AKA Streetscape) Contract for exclusive use by Local Public Procurement Units and State Affiliated Entities registered with the Department of General Services as COSTARS Members. Bids will be accepted at the address below on any given Commonwealth business day. Any bid received after the Bid Opening time will be opened on the next Commonwealth business day.","Department of General Services","Statewide",11/8/2012,12/31/9999 1:30:00 PM,12/31/9999 1:30:00 PM,"Open","Kathy  Garman ",3/28/2022 2:38:52 PM
"COSTARS-21 Rebid","COSTARS","Pest Control Services","This Pest Control Services Contract is for exclusive use by Local Public Procurement Units and State Affiliated Entities registered with the Department of General Services as COSTARS Members. Bids will be accepted at the address below on any given Commonwealth business day. Any bid received after the Bid Opening time will be opened on the next Commonwealth business day.","Department of General Services","Statewide",9/11/2012,12/31/2099 1:30:00 PM,12/31/2099 1:30:00 PM,"Open","Priscila Bills",3/4/2025 3:07:18 PM
"4400009863-01","ITQ","Temporary Rented Power & HVAC Equipment","The Department of General Services (DGS) is soliciting Contractors to submit qualifications for the statewide Temporary Rented Power & HVAC Equipment Invitation to Qualify (ITQ).  Those Contractors that meet the qualifications will be awarded a contract and will be eligible to respond to Request for Quotes (RFQ) for various types of consulting services to Commonwealth agencies and Local Public Procurement Units.  To view documents, prior to registration, <a href=http://www.dgs.pa.gov/Businesses/Materials%20and%20Services%20Procurement/Procurement-Resources/Pages/ITQ-Documents.aspx target=_new >click here</a>.  Contractors interested in registering will do in the Commonwealth's Supplier Management System, powered by Jaggaer. Please <a href=https://solutions.sciquest.com/apps/Router/SupplierLogin?CustOrg=CommonwealthPA target=_new >click here</a> to go to the portal.  Suppliers having problems with registration, please visit <a href=https://www.jaggaer.com/service-support/supplier-support/ target=_new >JAGGAER Support</a> or call (800) 233-1121.","All Using Agencies","Statewide",8/1/2012,12/31/9999 8:00:00 AM,12/31/9999 8:01:00 AM,"Open","Kelly Warnick",5/1/2020 3:48:52 PM
"4400009722","ITQ","Electronic Waste Removal and Recycling Services","Suppliers interested in doing business with the Commonwealth of Pennsylvania (COPA) through the Electronic Waste Removal and Recycling Services (E-waste) ITQ Contract #4400009722, must submit a bid in response to this ITQ and provide supporting documentation to the COPA. The COPA will review the supporting documentation to determine whether the supplier meets the minimum eligibility requirements. Suppliers must complete and submit the documentation specified below for their bid to be considered complete and responsive.","All Using Agencies","Statewide",6/1/2012,12/31/2099 4:00:00 PM,12/31/2099 4:00:00 PM,"Open","Keith Worley",3/14/2018 8:59:01 AM
"COSTARS-35","COSTARS","Furniture and Window Treatments","Furniture and Window Treatments Contract for exclusive use by Local Public Procurement Units and State Affiliated Entities registered with the Department of General Services as COSTARS Members. Bids will be accepted at the address below on any given Commonwealth business day. Any bid received after the Bid Opening time will be opened on the next Commonwealth business day.","Department of General Services","Statewide",4/9/2012,12/31/2099,12/31/2099 1:30:00 PM,"Open","Rhonda Brown",3/4/2025 3:25:07 PM
"COSTARS-34","COSTARS","Theater (Auditorium) Furniture, Fixtures & Equip","This contract for Theater (Auditorium) Furniture, Fixtures, Audio/Visual Equipment and Musical Instruments is for exclusive use by Local Public Procurement Units and State Affiliated Entities registered with the Department of General Services as COSTARS Members. Bids will be accepted at the address below on any given Commonwealth business day. Any bid received after the Bid Opening time will be opened on the next Commonwealth business day.","Department of General Services","Statewide",3/29/2012,12/31/2099,12/31/2099 1:30:00 PM,"Open","Rhonda Brown",3/4/2025 3:20:51 PM
"COSTARS-32","COSTARS","Signage","Signage Contract for exclusive use by Local Public Procurement Units and State Affiliated Entities registered with the Department of General Services as COSTARS Members. Bids will be accepted at the address below on any given Commonwealth business day. Any bid received after the Bid Opening time will be opened on the next Commonwealth business day.","Department of General Services","Statewide",2/15/2012,12/31/2099,12/31/2099 1:30:00 PM,"Open","David Gibson",3/4/2025 3:19:14 PM
"COSTARS-30","COSTARS","Energy Consulting Services","Energy Consulting Services Contract for exclusive use by Local Public Procurement Units and State Affiliated Entities registered with the Department of General Services as COSTARS Members. Bids will be accepted at the address below on any given Commonwealth business day. Any bid received after the Bid Opening time will be opened on the next Commonwealth business day.","Department of General Services","Statewide",1/13/2012,12/31/9999 1:30:00 PM,12/31/9999 1:30:00 PM,"Open","Dave Gibson",3/28/2022 2:37:13 PM
"COSTARS-29","COSTARS","Grounds Keeping Services and Supplies","This Grounds Keeping Services and Supplies Contract is for exclusive use by Local Public Procurement Units and State Affiliated Entities registered with the Department of General Services as COSTARS Members. Bids will be accepted at the address below on any given Commonwealth business day. Any bid received after the Bid Opening time will be opened on the next Commonwealth business day.","Department of General Services","Statewide",12/12/2011,12/31/2099 1:30:00 PM,12/31/2099 1:30:00 PM,"Open","Priscila Bills",3/4/2025 3:09:10 PM
"4400008677","ITQ","Creative/AV/Production Services","The Department of General Services (DGS) is soliciting Contractors to submit qualifications for the statewide Creative/AV/Production Services Invitation to Qualify (ITQ).  Those Contractors that meet the qualifications will be awarded a contract and will be eligible to respond to Request for Quotes (RFQ) for various types of consulting services to Commonwealth agencies and Local Public Procurement Units.  To view documents, prior to registration, <a href=http://www.dgs.pa.gov/Businesses/Materials%20and%20Services%20Procurement/Procurement-Resources/Pages/ITQ-Documents.aspx target=_new >click here</a>.  Contractors interested in registering will do in the Commonwealth's Supplier Management System, powered by Jaggaer. Please <a href=https://solutions.sciquest.com/apps/Router/SupplierLogin?CustOrg=CommonwealthPA target=_new >click here</a> to go to the portal.  Suppliers having problems with registration, please visit <a href=https://www.jaggaer.com/service-support/supplier-support/ target=_new >JAGGAER Support</a> or call (800) 233-1121.","Department of General Services","Statewide",8/25/2011,12/31/9999,12/31/9999 4:00:00 PM,"Open","Kelly Warnick",5/1/2020 3:52:58 PM
"4400008567","ITQ","Training Services ITQ","The Department of General Services (DGS) is soliciting Contractors to submit qualifications for the statewide Training Services Invitation to Qualify (ITQ).  Those Contractors that meet the qualifications will be awarded a contract and will be eligible to respond to Request for Quotes (RFQ) for various types of consulting services to Commonwealth agencies and Local Public Procurement Units.  To view documents, prior to registration, <a href=http://www.dgs.pa.gov/Businesses/Materials%20and%20Services%20Procurement/Procurement-Resources/Pages/ITQ-Documents.aspx target=_new >click here</a>.  Contractors interested in registering will do in the Commonwealth's Supplier Management System, powered by Jaggaer. Please <a href=https://solutions.sciquest.com/apps/Router/SupplierLogin?CustOrg=CommonwealthPA target=_new >click here</a> to go to the portal.  Suppliers having problems with registration, please visit <a href=https://www.jaggaer.com/service-support/supplier-support/ target=_new >JAGGAER Support</a> or call (800) 233-1121.","Department of General Services","Statewide",8/15/2011,12/31/9999,12/31/9999 4:30:00 PM,"Open","Kelly Warnick",5/1/2020 3:46:01 PM
"COSTARS 04 Rebid","COSTARS","Office, School & Library Supplies","Office, School and Library Supplies Contract for exclusive use by Local Public Procurement Units and State Affiliated Entities registered with the Department of General Services as COSTARS Members. Bids will be accepted at the address below on any given Commonwealth business day. Any bid received after the Bid Opening time will be opened on the next Commonwealth business day.","Department of General Services","Statewide",3/29/2011,12/31/2099,12/31/2099 1:30:00 PM,"Open","Rhonda Brown",3/4/2025 2:59:44 PM
"COSTARS 11 Rebid","COSTARS","Toiletries","Toiletries Contract for exclusive use by Local Public Procurement Units and State Affiliated Entities registered with the Department of General Services as COSTARS Members. Bids will be accepted at the address below on any given Commonwealth business day. Any bid received after the Bid Opening time will be opened on the next Commonwealth business day.","Department of General Services","Statewide",3/29/2011,12/31/9999 1:30:00 PM,12/31/9999 1:30:00 PM,"Open","Kathy Garman",3/28/2022 3:40:40 PM
"COSTARS 12 Rebid","COSTARS","Emergency Responder Equipment and Supplies","Emergency Responder Equipment and Supplies Contract for exclusive use by Local Public Procurement Units and State Affiliated Entities registered with the Department of General Services as COSTARS Members. Bids will be accepted at the address below on any given Commonwealth business day. Any bid received after the Bid Opening time will be opened on the next Commonwealth business day.","Department of General Services","Statewide",3/29/2011,12/31/2099,12/31/2099 1:30:00 PM,"Open","Kathy Garman",3/30/2022 10:08:01 AM
"COSTARS 19 Rebid","COSTARS","Medical Supplies","Medical Supplies Contract for exclusive use by Local Public Procurement Units and State Affiliated Entities registered with the Department of General Services as COSTARS Members. Bids will be accepted at the address below on any given Commonwealth business day. Any bid received after the Bid Opening time will be opened on the next Commonwealth business day.","Department of General Services","Statewide",3/29/2011,12/31/9999 1:30:00 PM,12/31/9999 1:30:00 PM,"Open","Kathy Garman",3/28/2022 3:42:26 PM
"COSTARS 20 Rebid","COSTARS","Laboratory Supplies","Laboratory Supplies Contract for exclusive use by Local Public Procurement Units and State Affiliated Entities registered with the Department of General Services as COSTARS Members. Bids will be accepted at the address below on any given Commonwealth business day. Any bid received after the Bid Opening time will be opened on the next Commonwealth business day.","Department of General Services","Statewide",3/29/2011,12/31/9999 1:30:00 PM,12/31/9999 1:30:00 PM,"Open","Kathy Garman",3/28/2022 3:45:21 PM
"COSTARS 5 Rebid","COSTARS","Janitorial Supplies","This Janitorial Supplies Contract is for exclusive use by Local Public Procurement Units and State Affiliated Entities registered with the Department of General Services as COSTARS Members. Bids will be accepted at the address below on any given Commonwealth business day. Any bid received after the Bid Opening time will be opened on the next Commonwealth business day.","Department of General Services","Statewide",3/29/2011,12/31/2099 1:30:00 PM,12/31/2099 1:30:00 PM,"Open","Rhonda Brown",3/4/2025 3:01:08 PM
"COSTARS 7 Rebid","COSTARS","Foods","Foods Contract for exclusive use by Local Public Procurement Units and State Affiliated Entities registered with the Department of General Services as COSTARS Members. Bids will be accepted at the address below on any given Commonwealth business day. Any bid received after the Bid Opening time will be opened on the next Commonwealth business day.","Department of General Services","Statewide",3/29/2011,12/31/9999 1:30:00 PM,12/31/9999 1:30:00 PM,"Open","Kathy Garman",3/28/2022 3:48:57 PM
"COSTARS 8 Rebid","COSTARS",""MRO"","Maintenance, Repair & Operation Equipment & Supplies (MRO) Contract for exclusive use by Local Public Procurement Units and State Affiliated Entities registered with the Department of General Services as COSTARS Members. Bids will be accepted at the address below on any given Commonwealth business day. Any bid received after the Bid Opening time will be opened on the next Commonwealth business day.","Department of General Services","Statewide",3/29/2011,12/31/2099 1:30:00 PM,12/31/2099 1:30:00 PM,"Open","Dave Gibson",8/3/2023 10:25:26 AM
"4400007410","ITQ","Consulting Services","The Department of General Services (DGS) is soliciting Contractors to submit qualifications for the statewide Consulting Services Invitation to Qualify (ITQ).  Those Contractors that meet the qualifications will be awarded a contract and will be eligible to respond to Request for Quotes (RFQ) for various types of consulting services to Commonwealth agencies and Local Public Procurement Units.  To view documents, prior to registration, <a href=https://www.pa.gov/agencies/dgs/submit-proposals-and-bids-for-commonwealth-projects/itq-documents.html >click here</a>.  Contractors interested in registering will do in the Commonwealth's Supplier Management System, powered by Jaggaer. Please <a href=https://solutions.sciquest.com/apps/Router/SupplierLogin?CustOrg=CommonwealthPA target=_new >click here</a> to go to the portal.  Suppliers having problems with registration, please visit <a href=https://www.jaggaer.com/service-support/supplier-support/ target=_new >JAGGAER Support</a> or call (800) 233-1121.","Department of General Services","Multiple",10/25/2010,12/31/9999 4:29:00 PM,12/31/9999 4:30:00 PM,"Open","Kelly Warnick",7/10/2025 8:06:04 AM
"COSTARS 9","COSTARS","Graphic & Printing Services, Equip & Supplies","Graphic & Printing Services, Equipment and Supplies Contract for exclusive use by Local Public Procurement Units and State Affiliated Entities registered with the Department of General Services as COSTARS Members. Bids will be accepted at the address below on any given Commonwealth business day. Any bid received after the Bid Opening time will be opened on the next Commonwealth business day.","Department of General Services","Statewide",9/15/2010,12/31/2099,12/31/2099 1:30:00 PM,"Open","Rhonda Brown",3/4/2025 3:03:54 PM
"COSTARS 6","COSTARS","Software","This contract for Software is for exclusive use by Local Public Procurement Units and State Affiliated Entities registered with the Department of General Services as COSTARS Members. Bids will be accepted at the address below on any given Commonwealth business day. Any bid received after the Bid Opening time will be opened on the next Commonwealth business day.","Department of General Services","Statewide",8/3/2010,12/31/2099,12/31/2099 1:30:00 PM,"Open","Rhonda Brown",3/4/2025 3:02:26 PM
"COSTARS 16","COSTARS","Water & Waste Water Treatment Plant Comp/Equip","Water & Wastewater Treatment Plant  - Components/Equipment & Services Contract for exclusive use by Local Public Procurement Units and State Affiliated Entities registered with the Department of General Services as COSTARS Members. Bids will be accepted at the address below on any given Commonwealth business day. Any bid received after the Bid Opening time will be opened on the next Commonwealth business day.","Department of General Services","Statewide",6/25/2010,12/31/2099,12/31/2099 1:30:00 PM,"Open","Kathy Garman",3/30/2022 10:29:55 AM
"COSTARS 03 Rebid","COSTARS","IT Hardware","IT Hardware Contract for exclusive use by Local Public Procurement Units and State Affiliated Entities registered with the Department of General Services as COSTARS Members. Bids will be accepted at the address below on any given Commonwealth business day. Any bid received after the Bid Opening time will be opened on the next Commonwealth business day.","Department of General Services","Statewide",6/17/2010,12/31/9999 1:30:00 PM,12/31/9999 1:30:00 PM,"Open","Shelbie Pickering",3/28/2022 2:24:46 PM
"COSTARS 17 Rebid","COSTARS","Waste, Recycling & Materials Handling Containers","Waste, Recycling & Materials Handling Containers Contract for exclusive use by Local Public Procurement Units and State Affiliated Entities registered with the Department of General Services as COSTARS Members. Bids will be accepted at the address below on any given Commonwealth business day. Any bid received after the Bid Opening time will be opened on the next Commonwealth business day.","Department of General Services","Statewide",4/15/2010,12/31/2099 1:30:00 PM,12/31/2099 1:30:00 PM,"Open","Rhonda Brown",3/4/2025 3:04:46 PM
"COSTARS 28","COSTARS","Energy Conservation Mgmt Supplies","Energy Conservation Management Supplies Contract for exclusive use by Local Public Procurement Units and State Affiliated Entities registered with the Department of General Services as COSTARS Members. Bids will be accepted at the address below on any given Commonwealth business day. Any bid received after the Bid Opening time will be opened on the next Commonwealth business day.","Department of General Services","Statewide",2/10/2010,12/31/9999 1:30:00 PM,12/31/9999 1:30:00 PM,"Open","Dave Gibson",3/28/2022 2:27:03 PM
"COSTARS 1 Rebid","COSTARS","Copiers, Document Imaging & Multifunction Devices","This Copiers, Document Imaging and Multifunction Devices Contract is for exclusive use by Local Public Procurement Units and State Affiliated Entities registered with the Department of General Services as COSTARS Members. Bids will be accepted at the address below on any given Commonwealth business day. Any bid received after the Bid Opening time will be opened on the next Commonwealth business day.","Department of General Services","Statewide",1/13/2010,12/31/9999 1:30:00 PM,12/31/9999 1:30:00 PM,"Open","Kathy  Garman",3/28/2022 3:00:19 PM
"COSTARS 25","COSTARS","Municipal Work Vehicles","Municipal Work Vehicles Contract for exclusive use by Local Public Procurement Units and State Affiliated Entities registered with the Department of General Services as COSTARS Members. Bids will be accepted at the address below on any given Commonwealth business day. Any bid received after the Bid Opening time will be opened on the next Commonwealth business day.","Department of General Services","Statewide",12/22/2009,12/31/9999,12/31/9999 1:30:00 PM,"Open","Shelbie Pickering",3/30/2022 9:55:18 AM
"COSTARS 18 Rebid","COSTARS","LED Traffic Signals","LED Traffic Signal Modules and/or Housings Contract for exclusive use by Local Public Procurement Units and State Affiliated Entities registered with the Department of General Services as COSTARS Members. Bids will be accepted at the address below on any given Commonwealth business day. Any bid received after the Bid Opening time will be opened on the next Commonwealth business day.","Department of General Services","Statewide",12/18/2009,12/31/2099 1:30:00 PM,12/31/2099 1:30:00 PM,"Open","David Gibson",3/4/2025 3:05:53 PM
"COSTARS 13","COSTARS","Emergency Responder Vehicles","Emergency Responder Vehicles Contract for exclusive use by Local Public Procurement Units and State Affiliated Entities registered with the Department of General Services as COSTARS Members. Bids will be accepted at the address below on any given Commonwealth business day. Any bid received after the Bid Opening time will be opened on the next Commonwealth business day.","Department of General Services","Statewide",12/15/2009,12/31/9999 1:30:00 PM,12/31/9999 1:30:00 PM,"Open","Shelbie  Pickering ",3/28/2022 2:29:20 PM
"COSTARS 14 Rebid","COSTARS","Recreational & Fitness Equip","Recreational & Fitness Equipment Contract for exclusive use by Local Public Procurement Units and State Affiliated Entities registered with the Department of General Services as COSTARS Members. Bids will be accepted at the address below on any given Commonwealth business day. Any bid received after the Bid Opening time will be opened on the next Commonwealth business day.","Department of General Services","Statewide",12/15/2009,12/31/9999 1:30:00 PM,12/31/9999 1:30:00 PM,"Open","Kathy Garman",3/28/2022 2:49:29 PM
"COSTARS 24","COSTARS","Traffic Signs","Traffic Signs Contract for exclusive use by Local Public Procurement Units and State Affiliated Entities registered with the Department of General Services as COSTARS Members. Bids will be accepted at the address below on any given Commonwealth business day. Any bid received after the Bid Opening time will be opened on the next Commonwealth business day.","Department of General Services","Statewide",12/14/2009,12/31/2099,12/31/2099 1:30:00 PM,"Open","David Gibson",3/4/2025 3:08:10 PM
"COSTARS 26","COSTARS","Passenger Vehicles","Passenger Vehicles Contract for exclusive use by Local Public Procurement Units and State Affiliated Entities registered with the Department of General Services as COSTARS Members. Bids will be accepted at the address below on any given Commonwealth business day. Any bid received after the Bid Opening time will be opened on the next Commonwealth business day.","Department of General Services","Statewide",12/3/2009,12/31/9999,12/31/9999 1:30:00 PM,"Open","Shelbie  Pickering ",3/28/2022 2:34:23 PM
"4400004480","ITQ","Master IT Services ITQ Contract","The Commonwealth is soliciting suppliers to submit proposals in response to the Master Information Technology (IT) Services Invitation to Qualify (ITQ) Contract, 400004480.  Please review the statement of work and the terms and conditions for additional information.","Department of General Services","Statewide",4/13/2009,12/31/2099,12/31/2099 4:30:00 PM,"Open","Janis Brown`",2/3/2021 2:10:09 PM
